artist_id,artist_name,popularity,genre1,genre2
0TnOYISbd1XYRBk9myaseg,Pitbull,81,dance pop,miami hip hop
2VIoWte1HPDbZ2WqHd2La7,The Turtles,58,brill building pop,bubblegum pop
77SW9BnxLY8rJ0RciFqkHh,The Neighbourhood,84,modern alternative rock,modern rock
0UpuH5U4nZ3UGGUJi0Zfbp,Blue Swede,57,classic swedish pop,
5Zq7R5qmi58ByYyBQTlNuk,Lee Brice,70,contemporary country,country
6BXionV4R0BunrFpSwIMUK,Britt Nicole,51,ccm,cedm
2FOSbgnMwzJq5pmBURJRV8,The Liverpool Gents,19,,
0f3EsoviYnRKTkmayI3cux,Men At Work,64,album rock,australian rock
5pUo3fmmHT8bhCyHE52hA6,Liam Payne,65,dance pop,pop
4W48hZAnAHVOC2c8WH8pcq,The Temper Trap,66,modern rock,
3GBPw9NK25X1Wt2OUvOwY3,Jack Johnson,75,neo mellow,
3CQIn7N5CuRDP8wEI7FiDA,Run–D.M.C.,61,east coast hip hop,golden age hip hop
0YrtvWJMgSdVrk3SfNjTbx,Death Cab for Cutie,64,indie pop,indie rock
7KTMw4g3OqEh9Jz1HmF7bo,K'Jon,39,contemporary r&b,neo soul
6vXTefBL93Dj5IqAWq6OTv,French Montana,74,gangster rap,hip hop
4JNfz6aO9ZFz0gp5GY88am,Hey Violet,54,alt z,electropop
1BhWF9W2PngtPSyobKg0rP,Pia Mia,59,dance pop,pop
0oSGxfWSnnOXhD2fKuz2Gy,David Bowie,76,art rock,classic rock
0c173mlxpT3dSFRgMO8XPh,Big Sean,77,detroit hip hop,hip hop
6vWDO969PvNqNYHIOW5v0m,Beyoncé,86,dance pop,pop
7FBDXY8U17aasVTH3rgxbS,Bankroll Fresh,47,atl hip hop,atl trap
2BpAc5eK7Rz5GAwSp9UYXa,The Tallest Man On Earth,53,indie folk,stomp and holler
1VBflYyxBhnDc9uVib98rw,Icona Pop,65,candy pop,dance pop
5R3Hr2cnCCjt220Jmt2xLf,Dillon Francis,65,brostep,dance pop
4sTQVOfp9vEMCemLw50sbu,Galantis,73,dance pop,edm
7wCjDgV6nqBsHguQXPAaIM,Waylon Jennings,66,country,country rock
4WN5naL3ofxrVBgFpguzKo,Rudimental,67,dance pop,edm
5TKKPpY9zr2qrz3JM3Vawq,Lillias White,56,disney,
6UL7BodGc5iVmQGlMwHR0g,Steel Pulse,53,dub,reggae
4FNbNj9mlDLitaic9vXlwZ,Tecupae,34,pop reggaeton,
7xEFii6utZmQ61kX59HmLH,FRENSHIP,53,electropop,indie poptimism
6J7rw7NELJUCThPbAfyLIE,The Civil Wars,57,acoustic pop,indie folk
1md9aYaJ6Qt1FHypXICB5V,Emblem3,40,post-teen pop,talent show
1TtJ8j22Roc24e2Jx3OcU4,Purity Ring,51,art pop,canadian electropop
3tdsh4B7GuigHI4vPtUs87,Adore Delano,35,draga,strut
1T8S48bD91THNKBByWBDyn,Dwayne Johnson,61,,
59QxeZBL6k9L4oJBGSyukd,The Marshall Tucker Band,56,album rock,blues rock
6AGUQK1EWK6nvN4pLIDQDQ,The Mowgli's,53,indie poptimism,modern alternative rock
08b2PA6eFyugsWAk41eQKZ,Lesley Gore,55,adult standards,brill building pop
33ScadVnbm2X8kkUqOkC6Z,Don Omar,80,latin hip hop,puerto rican pop
3TVXtAsR1Inumwj472S9r4,Drake,97,canadian hip hop,canadian pop
4G0XDEk7RbA4BBCTs917U9,Sun Kil Moon,44,alternative rock,dream pop
0wnYgCeP013HkKoOyC5V32,Allie X,55,alt z,art pop
5ictveRyhWRs8Gt8Dvt1hS,The Front Bottoms,62,alternative emo,asbury park indie
2SPt3i9sJKS1qiMQQQr9LS,Kweku Collins,40,underground hip hop,
3DozezNrsIE37kJJfHhS9M,Ages and Ages,32,portland indie,
5iN89s0E8GcsTkIvCtYMRa,OYSTER KIDS,21,,
5BxMS9rhKHbSagaYFBICun,JJ DOOM,43,alternative hip hop,
2PmYKBQgsjegT3k5C6pkqW,one sonic society,45,anthem worship,ccm
0f5nVCcR06GX8Qikz0COtT,Omarion,59,dance pop,hip pop
4tNxq9NGKTKaX8OkZBLgf0,Nightmares On Wax,55,bleep techno,downtempo
4Rxn7Im3LGfyRkY2FlHhWi,Nick Jonas,64,dance pop,edm
2jzc5TC5TVFLXQlBNiIUzE,a-ha,70,new romantic,new wave
06cLuOP0p7VAnBnqil1eWX,Swanky Tunes,44,edm,electro house
25mrbNwFzoqPWyYXLhiDRw,Alexi Murdoch,50,british singer-songwriter,indie folk
7BFnoFhJjLWcsqmN3Hizqg,Joe Arroyo,59,salsa,salsa colombiana
6nxWCVXbOlEVRexSbLsTer,Flume,71,australian dance,australian electropop
3bhu7P5PfngueRHiB9hjcx,Elle King,65,modern blues rock,
5WUlDfRSoLAfcVSX1WnrxN,Sia,84,australian dance,australian pop
1UfzhwcOR4yfX7yHTPfC9m,Joywave,55,indie poptimism,indie rock
3DiDSECUqqY1AuBP8qtaIa,Alicia Keys,77,hip pop,neo soul
2iEvnFsWxR0Syqu2JNopAd,Smash Mouth,64,alternative rock,pop rock
2oQpz9DEfhuSbuT8hjhTDK,The New Basement Tapes,47,indie folk,new americana
1l7ZsJRRS8wlW3WfJfPfNS,Christina Aguilera,77,dance pop,pop
6CwfuxIqcltXDGjfZsMd9A,MARINA,73,dance pop,electropop
01crEa9G3pNpXZ5m7wuHOk,Red,56,alternative metal,christian alternative rock
11Y54BxlxC3UIAUkU2eadQ,Rend Collective,58,ccm,christian alternative rock
3XHO7cRUPCLOr6jwp8vsx5,alt-J,69,indie rock,modern rock
4mZ4qW2RrJS1nmHvltMvJ2,Bonka,41,colombian pop,
2akNRvGNB400IDDUMr1PHW,Steffany Gretzinger,58,ccm,instrumental worship
1zNqDE7qDGCsyzJwohVaoX,Anne-Marie,77,dance pop,pop
5j4HeCoUlzhfWtjAfM1acR,Stromae,71,belgian pop,g-house
1bqxdqvUtPWZri43cKHac8,MAX,69,dance pop,pop
4AK6F7OLvEQ5QYCBNiQWHq,One Direction,84,boy band,pop
2gRP1Ezbtj3qrERnd0XasU,Camila,69,latin arena pop,latin pop
2RP4pPHTXlQpDnO9LvR7Yt,Lianne La Havas,57,alternative r&b,british soul
3fMbdgg4jU18AjLCKBhRSm,Michael Jackson,82,pop,r&b
3nFkdlSjzX9mRTtwJOzDYB,JAY-Z,83,east coast hip hop,hip hop
6MDME20pz9RveH9rEXvrOM,Clean Bandit,74,dance pop,edm
4L3GTE04bW5N7azA9QPhjA,Beenie Man,61,dancehall,jamaican dancehall
2DlGqMSFlEcgwoirCUlLNd,Isosine,0,mashup,
4M5nCE77Qaxayuhp3fVn4V,Iron & Wine,62,chamber pop,indie folk
5mnS9jJdKQQcRSqFu5YPVe,Auli'i Cravalho,62,disney,hollywood
7nU4hB040gTmHm45YYMvqc,Hannah Montana,62,dance pop,pop
0uFc6StTmJBvdHPZFDkdJy,Casey Veggies,52,underground hip hop,west coast trap
1GaBsp1ICIp1e6udgE7fba,Kevin Lyttle,55,soca,vincy soca
4tvKz56Tr39bkhcQUTO0Xr,Angus & Julia Stone,65,australian indie folk,indie folk
699OTQXzgjhIYAHMy9RyPD,Playboi Carti,82,atl hip hop,plugg
0vWCyXMrrvMlCcepuOJaGI,Boys Like Girls,60,neo mellow,neon pop punk
0L1e8CdX4rdh54b8mIxMqB,George Lamond,29,freestyle,
0kkxsdcaWmWU2yWAqclDh4,Rixton,61,dance pop,pop
0rvjqX7ttXeg3mTy8Xscbt,Journey,73,album rock,classic rock
50co4Is1HCEo8bhOyUWKpn,Young Thug,83,atl hip hop,atl trap
5mYWkDD4b1eM4ZjFq5axxs,Aidonia,45,dancehall,reggae fusion
0PGB0xsAyDqHHlvNQcgq5S,POWERS,46,indie poptimism,la pop
1q1wfzh2xtpj27TnIAqIvd,Karl Jenkins,58,choral,
63F9pr5N3duAS7idUvkIwC,Cab Calloway & His Orchestra,30,big band,man's orchestra
1LOB7jTeEV14pHai6EXSzF,Cash Cash,63,dance pop,edm
46GXASE9LHzyssNqKOInUu,Dawin,50,nyc pop,
6MdGhV0orm16Mgnbpp0tu4,El General,51,panamanian pop,tropical
0kqRUwSJCCooeI3hNRsghY,Johnny Rain,43,trap soul,
66TrUkUZ3RM29dqeDQRgyA,Ella Eyre,68,dance pop,post-teen pop
4u5smJBskI6Adzv08PuiUP,Kiiara,60,alt z,dance pop
7z5WFjZAIYejWy0NI5lv4T,Dan + Shay,72,contemporary country,country
6QtGlUje9TIkLrgPZrESuk,Steve Miller Band,65,album rock,blues rock
74dMZMvy8P27oPqnprnvBb,Montana of 300,48,chicago drill,chicago rap
4j56EQDQu5XnL7R3E9iFJT,Young the Giant,65,modern alternative rock,modern rock
1xD85sp0kecIVuMwUHShxs,Twin Peaks,47,chicago indie,indie garage rock
46n0cAhBmsRJZiX6GSFmbf,David Essex,43,classic uk pop,glam rock
04gDigrS5kc9YWfZHwBETP,Maroon 5,85,pop,
6qGkLCMQkNGOJ079iEcC5k,Ben Platt,64,hollywood,pop
6yeL5iw4hXNZtd8T7FOoFU,Los Angeles Philharmonic,51,american orchestra,classical performance
69lxxQvsfAIoQbB20bEPFC,Philip Glass,60,american contemporary classical,classical
5r0KYGxdIZEHZ6z6XbkVbo,Marvin Sapp,50,gospel,
6x2LnllRG5uGarZMsD4iO8,Thomas Rhett,72,contemporary country,country
13ubrt8QOOCPljQ2FL1Kca,A$AP Rocky,80,east coast hip hop,hip hop
6XFITTl7cFTdopDY3lUdlY,J Alvarez,67,latin hip hop,reggaeton
0A0FS04o6zMoto8OKPsDwY,YG,74,cali rap,gangster rap
2AV6XDIs32ofIJhkkDevjm,Curtis Mayfield,58,chicago soul,classic soul
63MQldklfxkjYDoUE4Tppz,M83,69,french shoegaze,french synthpop
7qG3b048QCHVRO5Pv1T5lw,Enrique Iglesias,76,latin pop,mexican pop
3whuHq0yGx60atvA2RCVRW,Olly Murs,65,dance pop,pop
3UBLa2huRORV0HmGQq3fGs,BoomBox,44,jam band,
3iri9nBFs9e4wN7PLIetAw,gnash,64,pop,
4iJLPqClelZOBCBifm8Fzv,Pierce The Veil,72,screamo,
53XhwfbYqKCa1cC15pYq2q,Imagine Dragons,88,modern rock,rock
55qiaow2sDYtjqu1mwRua6,New Kids On The Block,55,boy band,dance pop
5t28BP42x2axFnqOOMg3CM,Five Finger Death Punch,74,alternative metal,groove metal
57BliIwnAIqKeI4dbAWwaU,Kodomo,35,space ambient,
7f8LNBVXN0h35veHrpxQFL,Norman Greenbaum,56,classic rock,
0gadJ2b9A4SKsB1RFkBb66,Passenger,70,folk-pop,neo mellow
6yJCxee7QumYr820xdIsjo,Zac Brown Band,71,contemporary country,country
3WrFJ7ztbogyGnTHbHJFl2,The Beatles,83,beatlesque,british invasion
6GMYJwaziB4ekv1Y6wCDWS,Soulja Boy,69,atl hip hop,chicago bop
0ECwFtbIWEVNwjlrfc6xoL,Eagles,75,album rock,classic rock
07YZf4WDAMNwqr4jfgOZ8y,Jason Derulo,79,dance pop,edm
4Ui2kfOqGujY81UcPrb5KE,HAIM,65,indie pop,metropopolis
2p4FqHnazRucYQHyDCdBrJ,Simple Plan,67,canadian pop punk,canadian punk
1sBkRIssrMs1AbVkOJbc7a,Rick Ross,76,dirty south rap,gangster rap
3AQRLZ9PuTAozP28Skbq8V,The Script,73,celtic rock,neo mellow
1URnnhqYAYcrqrcwql10ft,21 Savage,92,atl hip hop,rap
2rTo8KIkBTFjQS7VvaKYQ4,W&W,67,big room,dutch trance
3YcBF2ttyueytpXtEzn1Za,Incubus,67,alternative metal,alternative rock
5G9kmDLg3OeUyj8KVBLzbu,mike.,67,indie pop rap,pop rap
6ltzsmQQbmdoHHbLZ4ZN25,Lord Huron,72,indie folk,stomp and holler
1h6Cn3P4NGzXbaXidqURXs,Swedish House Mafia,75,dance pop,edm
3TT6dzzXE5aV42E7PiGuAD,Emily Reid,32,indiecoustica,
53cQZtWDwDJwVCNZlfJ6Qk,Laidback Luke,59,big room,dance pop
2CIMQHirSU0MQqyYHq0eOx,deadmau5,67,canadian electronic,edm
2wOqMjp9TyABvtHdOSOTUS,Ludwig van Beethoven,71,classical,classical era
5yXAFDZNUNyO92l5WTImkO,Billy Bragg,52,alternative country,anti-folk
2ERWeFslDVHB4E9pSSw845,House Of Shem,46,nz reggae,pacific islands pop
375zxMmh2cSgUzFFnva0O7,Wynton Marsalis,50,big band,classical trumpet
762310PdDnwsDxAQxzQkfX,Depeche Mode,72,dance rock,new romantic
5uLkZ7FWMTBUg1corQqdkR,Lund,60,emo rap,lo-fi chill
3IYUhFvPQItj6xySrBmZkd,Creedence Clearwater Revival,77,classic rock,country rock
392I9I5QMSyoA0FmI5pVfx,Yung Tory,46,canadian hip hop,canadian trap
2dyeCWctcFRt3Pha76ONgb,"Hank Williams, Jr.",64,country,country road
0u2FHSq3ln94y5Q57xazwf,Keith Urban,70,australian country,australian pop
2iojnBLj0qIMiKPvVhLnsH,Trey Songz,69,dance pop,pop
5tth2a3v0sWwV1C7bApBdX,Lil' Kim,64,dance pop,east coast hip hop
2uEjXyVi0SA1HPpj3zquXh,Noel Schajris,55,latin arena pop,latin pop
2M3vnW1p5w4uPRkLYTbvdB,Rusted Root,56,jam band,pittsburgh rock
0hDjKSKjl1DC7ovYTDJHe8,Bruno Major,67,pop,
1KYA9tk1iUyyaU523Wy8bc,Gene Miller,34,,
7FgMLbnZVrEnir95O0YujA,Five For Fighting,58,acoustic pop,neo mellow
7c0XG5cIJTrrAgEC3ULPiq,Ty Dolla $ign,80,dance pop,hip hop
0Ou0138wEd8XWebhc4j7O0,San Cisco,51,australian indie,australian pop
3QZKZBEmr54lAVI5XvmjnM,The Coasters,48,adult standards,brill building pop
6g10GEtmIVqIQBhPZh4ScQ,Zach Williams,60,ccm,
3wjsrpfO6odEphTZWx45RQ,Hearts & Colors,51,neo mellow,pop rock
3XXrhkZKSGd3CUJQFnx5tQ,Sublime With Rome,51,reggae rock,
4Z8W4fKeB5YxbusRsdQVPb,Radiohead,79,alternative rock,art rock
6deZN1bslXzeGvOLaLMOIF,Nickelback,76,alternative metal,canadian rock
3grHWM9bx2E9vwJCdlRv9O,Kenny Chesney,70,contemporary country,country
7tU1VKOuxiNZwBZC6RHidA,Alexis y Fido,64,latin hip hop,reggaeton
43ZHCT0cAZBISjO8DG9PnE,Elvis Presley,80,rock-and-roll,rockabilly
3Fdm9TFJQCLmC3AWMuGExi,Ugly God,51,rap,trap
2ZavqCJe7uqkRpISes0NFi,Iamsu!,56,cali rap,hyphy
4YXycRbyyAE0wozTk7QMEq,Matoma,65,dance pop,edm
5OrB6Jhhrl9y2PK0pSV4VP,Young Money,62,dance pop,dirty south rap
4JMdvZoXArDVuMNNelKmjo,Black Coast,42,,
4jU68Hm8np6WNZXMqi7rz3,Big Grams,32,escape room,
5isqImG0rLfAgBJSPMEVXF,Blonde Redhead,49,alternative rock,art pop
2vm8GdHyrJh2O2MfbQFYG0,Ingrid Michaelson,60,acoustic pop,ectofolk
3gIRvgZssIb9aiirIg0nI3,Jeremy Zucker,73,electropop,pop
7xovAENFxmyEWhzbnHsB3Z,The Airborne Toxic Event,47,indie rock,la indie
2RdwBSPQiwcmiDo9kixcl8,Pharrell Williams,80,hip hop,pop
4AVFqumd2ogHFlRbKIjp1t,Alesso,75,dance pop,edm
0QHgL1lAIqAw0HtD7YldmP,DJ Khaled,78,hip hop,miami hip hop
23F7LZahokMZnj9Zqtczcy,Alyxx Dione,18,,
4cPHsZM98sKzmV26wlwD2W,Brenda Lee,73,adult standards,brill building pop
2cnMpRsOVqtPMfq7YiFE6K,Van Halen,71,album rock,classic rock
0pwyD6DhbFWn8uVSz2Fr0w,The Summer Set,48,neon pop punk,piano rock
2BTZIqw0ntH9MvilQ3ewNY,Cyndi Lauper,69,disco,new wave pop
5A7d4sfe5ZY1RRf90zlUeo,Crime Mob,47,atl hip hop,crunk
1Cs0zKBU1kc0i8ypK3B9ai,David Guetta,88,big room,dance pop
49mHZzhcsoQB1JXWv8Q9gU,V.I.C.,47,atl hip hop,futuristic swag
79uCun3N91BDTFBVTfxwz6,Danny DeVito,31,movie tunes,
0mtOfRPfz8GMyZTMixld1F,Omgsoca$H,0,,
6CWTBjOJK75cTE8Xv8u1kj,Feist,60,canadian indie,canadian pop
0FMucZsEnCxs5pqBjHjIc8,Stan Getz,63,bossa nova,cool jazz
3KovZIDNYgQY8chiNZo2ZF,Just Hush,54,opm,pinoy r&b
2sSeNmryNggzRMxG7qtcfm,The Stock Sprinters,14,,
0lLY20XpZ9yDobkbHI7u1y,Pegboard Nerds,54,brostep,danish electronic
5sWHDYs0csV6RS48xBl0tH,Two Feet,71,indie poptimism,modern rock
5v61OSg53KaQxGMpErkBNp,Anberlin,54,christian alternative rock,pop punk
5kah03Pzp6s8eD8vRIhdfL,Sister Sparrow,31,retro soul,
2dd5mrQZvg6SmahdgVKDzh,PSY,66,k-pop,k-rap
27FGXRNruFoOdf1vP8dqcH,Cassie,62,dance pop,hip pop
7tYKF4w9nC0nq9CsPZTHyP,SZA,84,pop,r&b
3AuMNF8rQAKOzjYppFNAoB,Kelly Rowland,66,atl hip hop,dance pop
6GkJh85o22LfD2vgL9DP6f,Dirty Heads,62,reggae fusion,reggae rock
3zJp99O5muOM6T31wat7FS,I M U R,23,vancouver indie,
5euJsEvfrlfhYDorMR40OF,Milo Greene,45,la indie,metropopolis
0VIT9dtNSoaeDy32J1PnRj,Jason Nolan,20,vapor soul,
2kucQ9jQwuD8jWdtR9Ef38,Sam Hunt,69,contemporary country,country
3AoNmoBJyEsBxlAjhrdxtw,Hudson Thames,36,la pop,
64N1HzkQEXvjlJBQinWeu2,Stephen,51,indie poptimism,la pop
4wLXwxDeWQ8mtUIRPxGiD6,Marc Anthony,76,latin pop,modern salsa
46SHBwWsqBkxI7EeeBEQG7,Kodak Black,81,florida rap,hip hop
19zqV9DV3txjMUjHvltl2D,Motion City Soundtrack,51,emo,pop punk
0zOcE3mg9nS6l3yxt1Y0bK,The Fray,68,neo mellow,piano rock
7juKTDFlPesGeWQ1GmjmOv,Silentó,49,chicago bop,pinoy hip hop
0nJaMZM8paoA5HEUTUXPqi,Bear's Den,57,folk-pop,indie folk
2ZRQcIgzPCVaT9XKhXZIzh,Gryffin,72,dance pop,edm
4uN3DsfENc7dp0OLO0FEIb,Sugar Ray,58,alternative metal,alternative rock
2XJzOLYV2mF5K2JfUhJEK0,Chris Knight,43,red dirt,roots americana
6Fk18HpdnXUsKWpN9mPb9R,The Moth & The Flame,50,utah indie,
0X2BH1fck6amBIoJhDVmmJ,Ellie Goulding,78,dance pop,edm
0iOVhN3tnSvgDbcg25JoJb,Etta James,66,adult standards,jazz blues
0C8ZW7ezQVs4URX5aX7Kqx,Selena Gomez,84,dance pop,pop
3JhNCzhSMTxs9WLGJJxWOY,Macklemore,76,pop rap,seattle hip hop
5m14oBgYEP1bA06sYpZvFI,DJ Molasses,0,chopped and screwed,
7FY5V3XMwlNBPitEjXowHQ,Darius Rucker,66,black americana,contemporary country
20wkVLutqVOYrc0kxFs7rA,Daniel Caesar,76,canadian contemporary r&b,pop
6d47Z08T4snK50HgTEHo5Z,Sage The Gemini,63,dance pop,hyphy
3qNVuliS40BLgXGxhdBdqu,TAEYEON,67,k-pop,pop
07QEuhtrNmmZ0zEcqE9SF6,Owl City,68,indietronica,pop
7dOBabd5O4CvKrg4iriHTM,Kid Rock,65,alternative metal,nu metal
3WGpXCj9YhhfX11TToZcXP,Troye Sivan,75,australian pop,dance pop
7JBZN2pehWRUu3fX11lP2y,R.LUM.R,35,,
7G6zawIBBtDX1WvuT97Ei9,Harvey Fierstein,46,,
053q0ukIDRgzwTr4vNSwab,Grimes,68,art pop,canadian electropop
4obzFoKoKRHIphyHzJ35G3,Becky G,78,dance pop,latin pop
3jOstUTkEu2JkjvRdBA5Gu,Weezer,72,alternative rock,modern power pop
2hJPr4lk7Q8SSvCVBl9fWM,Kip Moore,61,contemporary country,country
5i0O6tyJDlb7ADVL0W7eeT,Nazareno Aversa,40,classify,piano cover
6TIYQ3jFPwQSRmorSezPxX,Machine Gun Kelly,80,ohio hip hop,pop
7jTWKudk8qaVEMSjKiI8fX,Dru Fox,6,,
3WfJ1OtrWI7RViX9DMyEGy,Mayday Parade,60,neon pop punk,pop emo
2qgvmDsc4jrqbAbjq1HGM2,Rodney Atkins,60,contemporary country,country
5r9uIJCoquVtEkCkvcn8Ez,Get Scared,59,metalcore,modern rock
5NGO30tJxFlKixkPSgXcFE,The Police,74,album rock,classic rock
3y24n3XhZ96wgwRXjvS17T,Coolio,70,g funk,gangster rap
6v4jPZO3UIDNJIgdxRxtr9,DISPATCH,55,indie folk,jam band
0FOWNUFHPnMy0vOw1siGqi,Belly,61,canadian hip hop,canadian trap
0HjYETXAvcL6mzaKjAmH2K,Wes Walker,47,viral trap,
6pwHWKweuoCyx3OoFaD0Q5,The Weepies,54,acoustic pop,indie folk
3LIJJJkO7R5RasRwt7xIn5,Mystikal,55,crunk,dirty south rap
5BvJzeQpmsdsFp4HGUYUEx,Vampire Weekend,64,baroque pop,indie rock
1gM6j9hjPg1Mfkq0yPNRP3,Eearz,38,atl trap,
2Ra4T0DAERysB9T5HMpL5T,Kay Kay and His Weathered Underground,18,,
2gJqa0PdfSuLpoQlWAIAzn,Ezra Vine,39,folk-pop,nz pop
7GaxyUddsPok8BuhxN6OUW,James Brown,62,funk,soul
5MmVJVhhYKQ86izuGHzJYA,MIKA,65,dance pop,europop
4dpARuHxo51G3z768sgnrY,Adele,84,british soul,pop
2FmzVitXZjIkFolH8HXd4j,Flosstradamus,46,bass trap,edm
0NKDgy9j66h3DLnN8qu1bB,Eurythmics,67,art rock,dance rock
2jku7tDXc6XoB6MO2hFuqg,Tory Lanez,80,canadian hip hop,canadian trap
7gOdHgIoIKoe4i9Tta6qdD,Jonas Brothers,75,boy band,dance pop
77t00lrU1uk65snqAdoPnt,Nightcore,51,hands up,nightcore
1MLXQOUzVRfjYAu5xyEntV,The Silver Beetles,11,tribute,
4MXUO7sVCaFgFjoTI5ox5c,Sufjan Stevens,71,baroque pop,chamber pop
2zeVJU1siPlYZTidBjeMk7,Milan & Phoenix,20,,
1g1yxsNVPhMUl9GrMjEb2o,Plain White T's,63,neo mellow,pop punk
1fZpYWNWdL5Z3wrDtISFUH,Shakey Graves,59,austin americana,austindie
6hN9F0iuULZYWXppob22Aj,Simple Minds,66,art rock,dance rock
3RPYHNSwe3w0mtfJwKIN9P,Bubba Sparxxx,53,atl hip hop,country rap
4W8SeWrRZUburGZyp5JwYj,The Spill Canvas,43,emo,neon pop punk
3967KnQedbgX8KdNTXhm7y,Derek Johnson,29,anthem worship,deep ccm
4ScCswdRlyA23odg9thgIO,Jess Glynne,71,dance pop,pop
7LvoDJUNGnOrPdGRzVtOJ9,Young M.A,60,alternative r&b,lgbtq+ hip hop
1Xyo4u8uXC1ZmMpatF05PJ,The Weeknd,93,canadian contemporary r&b,canadian pop
4aP1lp10BRYZO658B2NwkG,Andrew Lloyd Webber,62,broadway,show tunes
5eAWCfyUhZtHHtBdNk56l1,System Of A Down,78,alternative metal,nu metal
6QrQ7OrISRYIfS5mtacaw2,Jaymes Young,70,modern rock,pop
1GLtl8uqKmnyCWxHmw9tL4,The Kooks,67,brighton indie,modern rock
5ixB75BQR3ADoWQkcHQJTs,Gene Autry,64,adult standards,cowboy western
5ZEAzHE2TzAwUcOj6jMIgf,Donny Osmond,55,adult standards,bubblegum pop
7jy3rLJdDQY21OgRLCZ9sD,Foo Fighters,77,alternative metal,alternative rock
5gspAQIAH8nJUrMYgXjCJ2,Kurt Vile,56,indie rock,modern folk rock
2J7Bw3q4TQwPwSjNPmASKt,Fossa Beats,44,trap soul,
71GBjKncMzJPqsSskrnnMO,Sun Goes Down,36,,
6Ff53KvcvAj5U7Z1vojB5o,*NSYNC,68,boy band,dance pop
4wJzCqMNTeBBWAPOQFG6kD,Benton Paul,13,indiecoustica,
1WgXqy2Dd70QQOU7Ay074N,AURORA,73,art pop,norwegian pop
64KEffDW9EtZ1y2vBYgq8T,Marshmello,82,brostep,dance pop
26dSoYclwsYLMAKD3tpOr4,Britney Spears,81,dance pop,pop
4gZRt9wlRx1IsxT9glJdrc,Julia Stone,48,australian singer-songwriter,
2lRH2dgU5Kk4Bc5phmII4T,LANCO,53,contemporary country,country
26JloX1vHxGGrGUVeMItFJ,iamjakehill,69,dark trap,emo rap
2qdONMCoDngQk0eV4Avs1i,Natalie La Rose,51,,
1G9G7WwrXka3Z1r7aIDjI7,Outkast,73,atl hip hop,dirty south rap
4U7lXyKdSf1JbM1aXvsodC,La Oreja de Van Gogh,71,latin arena pop,latin pop
55fhWPvDiMpLnE4ZzNXZyW,Noah Cyrus,71,pop,post-teen pop
5iPg4YFTBzvwo0E9NpjkTX,Photo Ops,6,,
2G7VQ1kVhVfNagytlousgm,Al James,63,opm,pinoy alternative rap
5H0YoDsPDi9fObFmJtTjfN,Ariel Pink,50,art pop,chillwave
38M4yfT8QisQgpCBdecFeR,The One AM Radio,17,folktronica,
3c95qPRLU7Jpu9rC3rc5A0,James Wolpert,13,deep talent show,
3BvEQzdNFTD0hoeZCAt3WZ,Niva,24,chillwave,nordic shoegaze
0PFtn5NtBbbUNbU9EAmIWF,TOTO,71,album rock,classic rock
6qqNVTkY8uBg9cP3Jd7DAH,Billie Eilish,88,art pop,electropop
594LqcHtMvKoR0URmSiYJB,Syreeta,40,classic soul,motown
6S0dmVVn4udvppDhZIWxCr,Sean Kingston,68,dance pop,miami hip hop
5jXlKEXCqcJ7eHKJrFCFl9,Style of Eye,31,swedish tropical house,
4x717uKDCxQxuNPBSL5qtN,When It's the End,32,fake,
6meTcQ79DrfkIuSLPZkpBg,The Story So Far,58,alternative emo,anthem emo
0MlOPi3zIDMVrfA9R04Fe3,American Authors,65,indie poptimism,modern rock
2TI7qyDE0QfyOlnbtfDo7L,Dave Matthews Band,62,jam band,pop rock
3ZUn6LYxdmmPYQqBhFWI3h,Iyanya,48,afro dancehall,afropop
4KWTAlx2RvbpseOGMEmROg,R.E.M.,72,alternative rock,athens indie
64M6ah0SkkRsnPGtGiRAbb,Bebe Rexha,83,dance pop,edm
5he5w2lnU9x7JFhnwcekXX,Skrillex,74,brostep,complextro
20s0P9QLxGqKuCsGwFsp7w,Mario,65,dance pop,hip pop
2NUz5P42WqkxilbI8ocN76,Vybz Kartel,62,dancehall,jamaican dancehall
462T0buQ5ScBUQCRpodDRf,Charles Bradley,57,funk,soul
0p4nmQO2msCgU4IF37Wi3j,Avril Lavigne,76,canadian pop,candy pop
306JHpIRGVaQd6OltnOzUO,Nine Days,50,pop rock,
1z7b1Pr1rSlvWRzsW3HOrS,Russ,76,hawaiian hip hop,rap
6x9QLdzo6eBZxJ1bHsDkjg,Sisqo,57,contemporary r&b,hip hop
6nFBonVf7Lqaj05R0v5VGJ,Sarah Jarosz,54,folk,indie folk
1FDICmT2NBxnJ7kYmwnzTC,Bobby Hutton,7,,
2qk9voo8llSGYcZ6xrBzKx,Kings of Leon,73,modern rock,rock
4o7tWrzQOqarDtTMWD2HV9,LAY,52,chinese electropop,chinese idol pop
1l2ekx5skC4gJH8djERwh1,Don Diablo,66,dance pop,edm
2WjvvwAX0mdWwq3aFuUdtc,Rebelution,60,reggae rock,
0OzxPXyowUEQ532c9AmHUR,Giacomo Puccini,60,classical,italian opera
1bj5GrcLom5gZFF5t949Xl,Martin Solveig,64,dance pop,disco house
61lyPtntblHJvA7FMMhi7E,Duke Dumont,64,dance pop,destroy techno
1c84wItoiAe1pEbpJMqUmQ,Oscar D'León,57,salsa,salsa venezolana
5oxPzdFtEmChsHTXZNzGHN,Priest,13,indie poptimism,
20apXQGKM00jJTvYfyKwlb,Maino,48,pop rap,
0SfsnGyD8FpIN4U4WCkBZ5,Armin van Buuren,73,dutch trance,edm
4Tw2N3wdvJPGEU7JqMxFfE,Eddie Money,58,album rock,classic rock
3ScY9CQxNLQei8Umvpx5g6,Fat Joe,66,bronx hip hop,dance pop
70BYFdaZbEKbeauJ670ysI,Shinedown,70,alternative metal,nu metal
78SHxLdtysAXgywQ4vE0Oa,Bush,61,alternative metal,alternative rock
5SjNVG3L9mgWQPsfp1sFDB,Wye Oak,43,art pop,baltimore indie
31W5EY0aAly4Qieq6OFu6I,A Boogie Wit da Hoodie,81,melodic rap,rap
74cb3MG0x0BOnYNW1uXYnM,Hillsong UNITED,69,ccm,christian alternative rock
3J28FLi8jjXtUGWf69cP7I,Gardiner Sisters,47,channel pop,lds youth
4hz8tIajF2INpgM0qzPJz2,Rainbow Kitten Surprise,68,modern rock,
28dDyPkw069ypiqC78dhRb,Oliver Riot,40,,
0TImkz4nPqjegtVSMZnMRq,TLC,67,atl hip hop,contemporary r&b
46lnlnlU0dXTDpoAUmH6Qx,Lou Bega,58,latin pop,
1HxJeLhIuegM3KgvPn8sTa,Jack Ü,59,dance pop,edm
5ypxebeHEIXjMtJb17uJlI,Jet,61,alternative rock,modern rock
5pKCCKE2ajJHZ9KAiaK11H,Rihanna,89,barbadian pop,dance pop
4fPjq4BxeLWYTnWGbRKC3D,Happy Hollows,7,,
3Yl4nkmEa8BSuGWbwhdLDq,G.R.L.,55,dance pop,girl group
7CyeXFnOrfC1N6z4naIpgo,The Ronettes,68,adult standards,brill building pop
7M06z3m4npeuWp4OrKSfHa,Whelan & Di Scala,5,,
33W1pnW9zScZtYTnAoWnOT,Mr. Probz,62,dutch hip hop,tropical house
4OBJLual30L7gRl5UkeRcT,T.I.,73,atl hip hop,dance pop
2Mu5NfyYm8n5iTomuKAEHl,Ms. Lauryn Hill,70,alternative r&b,conscious hip hop
0cuW2lF0YWb9VUyHOnvnsO,Jenn Johnson,60,ccm,deep ccm
6jJ0s89eD6GaHleKKya26X,Katy Perry,84,dance pop,pop
3VwKSHAfgzV1DOHV0aANCI,TOKiMONSTA,54,chillwave,electra
4Om4kO491KUeVkwTLiVQq3,Dresses,27,,
759h9uEwoHm8KKq1pGI9RH,Opetaia Foa'i,57,,
7gP3bB2nilZXLfPHJhMdvc,Foster The People,70,indietronica,modern rock
5szilpXHcwOqnyKLqGco5j,Faye Webster,63,atlanta indie,indie pop
37W8SKV5Vc8lcGtdyWCA5m,Gary Allan,58,contemporary country,country
3GQboECxDT1xqPPWC30p7v,Charlotte Day Wilson,58,alternative r&b,canadian contemporary r&b
3crnzLy8R4lVwaigKEOz7V,E-40,67,cali rap,gangster rap
7guDJrEfX3qb6FEbdPA5qi,Stevie Wonder,76,adult standards,funk
0yb46jwm7gqbZXVXZQ8Z1e,Bishop Briggs,62,electropop,modern alternative rock
4VsbQvC84B8Z3IsBY1HLQy,La Factoria,63,latin hip hop,latin pop
16oZKvXb6WkQlVAjwo2Wbg,The Lumineers,76,folk-pop,pop
3mZqziCJj4pq3P2VBpmK6p,Friendly Fires,43,alternative dance,dance rock
1whjlG0NSaQytgDIWz10GS,Landon Pigg,44,acoustic pop,neo mellow
195hFqaTDENqLCcG8uGtM7,Freedom Fry,49,folk-pop,shimmer pop
6FQqZYVfTNQ1pCqfkwVFEa,Foals,63,indie rock,modern rock
7hOGhpa8RMSuDOWntGIAJt,A R I Z O N A,59,electropop,indie poptimism
711MCceyCBcFnzjGY4Q7Un,AC/DC,80,australian rock,hard rock
6xrCU6zdcSTsG2hLrojpmI,José González,64,gothenburg indie,indie folk
3c8WoNjBfyLJhFObE6RHgs,Del Shannon,48,adult standards,brill building pop
4AA8eXtzqh5ykxtafLaPOi,What So Not,56,aussietronica,edm
5eiJRSS6Vg8ipLOqURkcZz,The Reverb Junkie,7,vapor pop,
3HiuzBlSW7pGDXlSFMhO2g,Young Dolph,72,gangster rap,hip hop
5ySYeIhqg4Rfs5tjteVMz3,Blondfire,33,metropopolis,
7vCtweS8UVAXTyau2j0rDT,Josh Turner,64,contemporary country,country
636Zdq45wjoYRFToU0t3Gb,XY&O,34,indie poptimism,vapor soul
1zxDewzd2j1ZdSBGaYcr0y,The Outfield,64,album rock,mellow gold
5Xrk8HKFWj76Jonuerfupw,Mocki,26,,
6YJ4EgQzDfJnIHRbqIHAdD,Idealism,57,chillhop,lo-fi beats
2TM0qnbJH4QPhGMCdPt7fH,Neck Deep,65,pop punk,uk pop punk
6MF9fzBmfXghAz953czmBC,Taio Cruz,68,dance pop,edm
1kDGbuxWknIKx4FlgWxiSp,Nothing But Thieves,64,alternative pop rock,modern alternative rock
5PTrX29vKxqFe59hnYb8hx,Marty Grimes,35,cali rap,deep underground hip hop
1mHuZMOP8FG5ip4yAb1vrB,Michael Franti & Spearhead,55,pop rock,reggae fusion
3HrczLBDJXJu6dJWEMbKHa,Garden City Movement,37,israeli indie,
0LyfQWJT6nXafLPZqxe9Of,Various Artists,0,,
22WZ7M8sxp5THdruNY3gXt,The Doors,72,acid rock,classic rock
4NHQUGzhtTLFvgF5SZesLK,Tove Lo,75,dance pop,electropop
2A2MfAaWoDvGe0jhcZjKaY,Kids These Days,26,,
3b8QkneNDz4JHKKKlLgYZg,Florida Georgia Line,74,contemporary country,country
44NX2ffIYHr6D4n7RaZF7A,Van Morrison,71,classic rock,folk
44FVyueHCLAMyJPnvCqqwM,The Lower Lights,36,lds,
5Rl15oVamLq7FbSb0NNBNy,5 Seconds of Summer,78,boy band,dance pop
3RwQ26hR2tJtA8F9p2n7jG,The Temptations,66,brill building pop,classic soul
4chuPfKtATDZvbRLExsTp2,Vashti Bunyan,50,anti-folk,british folk
67ea9eGLXYMsO2eYQRui3w,The Who,67,album rock,art rock
5YGY8feqx7naU7z4HrwZM6,Miley Cyrus,80,dance pop,pop
5a1CkvrJSjRH8ZzWTMRsCd,Nathan Ball,46,,
5zS8r5hRRk1jzD41yYS1NO,Baths,39,chillwave,
3qm84nBOXUEQ2vnTfUTTFC,Guns N' Roses,79,glam metal,hard rock
137W8MRPWKqSmrBGDBFSop,Wiz Khalifa,81,dance pop,hip hop
5bgfj5zUoWpyeVatGDjn6H,K CAMP,61,atl hip hop,hip hop
4PVn1b2WnnXdq80C7uaZLZ,Nause,45,edm,pop dance
1dqGS5sT6PE2wEvP1gROZC,Flatbush Zombies,56,hip hop,psychedelic hip hop
6KZDXtSj0SzGOV705nNeh3,Kid Ink,67,dance pop,hip hop
7GMot9WvBYqhhJz92vhBp6,EDX,56,deep groove house,edm
2lkCfFklQDBPlQzS4tR3VP,Tiffany Young,44,k-pop,korean r&b
2WzaAvm2bBCf4pEhyuDgCY,Ruth B.,75,alt z,canadian contemporary r&b
49EE6lVLgU8sp7dFgPshgM,La Adictiva,74,banda,musica mexicana
2sil8z5kiy4r76CRTXxBCA,The Goo Goo Dolls,70,neo mellow,permanent wave
66CXWjxzNUsdJxJ2JdwvnR,Ariana Grande,89,dance pop,pop
2Y6RMrspOMXAYSD4U57qS7,Yozoh,32,k-indie,
0hEurMDQu99nJRq8pTxO14,John Mayer,77,neo mellow,singer-songwriter
0ZrpamOxcZybMHGg1AYtHP,Robin Thicke,62,contemporary r&b,dance pop
6Tyzp9KzpiZ04DABQoedps,Little Dragon,61,alternative dance,alternative r&b
1kB7GlXzdNWl28zLcOkQqU,Rachel House,54,show tunes,waiata mo tamariki
3tufWJzpCiAGleBt5TkmTn,Ratt,55,album rock,glam metal
1dIdBZaaHRW2bDTkHNfWln,The Veronicas,56,australian pop,australian talent show
60d24wfXkVzDSfLS6hyCjZ,Martin Garrix,75,dance pop,dutch edm
7mWCSSOYqm4E9mB7V4ot6S,Miguel Bosé,68,latin pop,mexican pop
7npqy7rgdX2D3yfVyWExKo,Angel Y Khriz,64,latin hip hop,latin pop
3wkZ8WTrs7WcfE13voUCK1,Bill Murray,34,hollywood,
4lDXfIznmGueBgTjI3qGUX,Møme,52,new french touch,nice indie
51V0E9ipJyIj7yFDkaLx96,Jetta,47,metropopolis,
7CajNmpbOovFoOoasH2HaY,Calvin Harris,83,dance pop,edm
1bT7m67vi78r2oqvxrP3X5,Naughty Boy,61,dance pop,uk contemporary r&b
0C0XlULifJtAgn6ZNCW2eu,The Killers,76,alternative rock,dance rock
7oPftvlwr6VrsViSDV7fJY,Green Day,78,permanent wave,punk
1C60viSZv6BoYtrnkZ44g5,Nadia Ali,50,edm,vocal trance
293zczrfYafIItmnmM3coR,Chuck Berry,68,classic rock,rock
1eClJfHLoDI4rZe5HxzBFv,INXS,69,australian rock,classic rock
3Uobr6LgQpBbk6k4QGAb3V,I Prevail,69,nu-metalcore,
73Np75Wv2tju61Eo9Zw4IR,Idina Menzel,70,hollywood,show tunes
4zxvC7CRGvggq9EWXOpwAo,Kiesza,55,electropop,pop edm
0I6yADrmeyvw66g7yjkqIF,The Living Tombstone,69,fnaf,
0TorzrcTerTn7l5q9LVjmt,Cheech & Chong,29,comic,
2wY79sveU1sp5g7SokKOiI,Sam Smith,88,dance pop,pop
4sbB4Yy6Qig51pKCIKSLw3,Jaheim,54,contemporary r&b,hip pop
521qvhdobR0GzhvU6TFw76,Tritonal,56,edm,electro house
4tZwfgrHOc3mvqYlEYSvVi,Daft Punk,80,electro,filter house
3wWtfT7S2uVJJ3hGZlOLkZ,Judah & the Lion,55,banjo,folk-pop
4GJ0oJKgvJmxX4BEBIT2pa,Islandis,26,australian indie,
0B2SlMW40Hs9mijOi1cDyf,Mr Little Jeans,44,chillwave,electropop
4xFUf1FHVy696Q1JQZMTRj,Carrie Underwood,71,contemporary country,country
67nwj3Y5sZQLl72VNUHEYE,Wale,70,gangster rap,hip hop
45YbCFM0an4hsEXMdQ4k3b,Electric Youth,46,filter house,popwave
5xKp3UyavIBUsGy3DQdXeF,A Great Big World,61,neo mellow,piano rock
1LKo6ZA3RNvKtLa6zDu32S,Kranium,58,basshall,dancehall
7FBcuc1gsnv6Y1nwFtNRCb,My Chemical Romance,77,emo,pop punk
0k17h0D3J5VfsdmQ1iZtE9,Pink Floyd,78,album rock,art rock
6TrQLQR8tUluPbmdPy6jqY,ELHAE,44,alternative r&b,chill r&b
4BANbHDs1IluagTx5eRW2P,Jon Langston,57,contemporary country,country
6nB0iY1cjSY1KyhYyuIIKH,FKA twigs,64,afrofuturism,alternative r&b
3cafXZGy8lVX2LJt7wdKVd,Hunter G K Thompson,19,,
1S0vL284jxZYKtZQ2jsQ2X,Melody's Echo Chamber,49,chillwave,dream pop
1EbGAjTV50qpZ53jXTvmV7,Rogue Valley,32,midwest americana,
5ND0mGcL9SKSjWIjPd0xIb,Bowling For Soup,60,comic,pop punk
5r5Va4lVQ1zjEfbJSrmCsS,BROODS,55,art pop,auckland indie
0iEtIxbK0KxaSlF7G42ZOp,Metro Boomin,80,hip hop,rap
7v9bFXCdSMA2o3gS4nvp0F,Pimp C,50,baton rouge rap,chopped and screwed
4AGwPDdh1y8hochNzHy5HC,RAC,61,alternative dance,electropop
6dEtLwgmSI0hmfwTSjy8cw,Real Friends,50,alternative emo,anthem emo
0J7U24vlOOIeMpuaO6Q85A,LP,67,la pop,women's music
5Wg6XnPTp0xXxFCjywwR9I,Eddie Santiago,65,salsa,salsa puertorriquena
5xuNBZoM7z1Vv8IQ6uM0p6,JoJo,61,dance pop,pop
08F3Y3SctIlsOEmKd6dnH8,Yusuf / Cat Stevens,68,british folk,classic rock
459INk8vcC0ebEef82WjIK,Erik Satie,66,classical,early avant garde
22bukBZvUppuwQwmDz75Gz,Sander van Doorn,50,dutch trance,edm
0aeLcja6hKzb7Uz2ou7ulP,Noah And The Whale,52,indie folk,indie pop
4V8LLVI7PbaPR0K2TGSxFF,"Tyler, The Creator",84,hip hop,rap
2vaWvC8suCFkRXejDOK7EE,SOJA,60,east coast reggae,reggae
49e4v89VmlDcFCMyDv9wQ9,Dean Martin,75,adult standards,easy listening
3bUwxJgNakzYKkqAVgZLlh,Travis,59,britpop,pop rock
6icQOAFXDZKsumw3YXyusw,Lil Yachty,77,atl hip hop,hip hop
0EocQPg9ycs21gcvaVm9hh,Joss Favela,62,banda,musica mexicana
64NhyHqRKYhV0IZylrElWu,TR/ST,47,alternative dance,art pop
2AgMAiv3MvgQMwYrnLBeje,Lovage,35,electronica,trip hop
3BmGtnKgCSGYIUhmivXKWX,Kelly Clarkson,77,dance pop,pop
7KLUKenP88WNsnb7MKa70M,Alice Ripley,37,broadway,hollywood
0BucDI2Jefl98UVU02zM9D,Duologue,19,,
5eTq3PxbOh5vgeRXKNqPyV,The Runaways,51,early us punk,protopunk
6UBA15slIuadJ8h2lPRPos,Tech N9ne,69,hip hop,kansas city hip hop
1uNFoZAHBGtllmzznpCI3s,Justin Bieber,90,canadian pop,pop
2jSGzJw0ebJLu7OLVSOcBP,Plan B,77,reggaeton,
7i8fq2gFSVgPdWVXOlDEx7,Liv Dawson,41,uk pop,
3Gm5F95VdRxW3mqCn8RPBJ,Aminé,68,hip hop,pop
26T3LtbuGT1Fu9m0eRq5X3,Cage The Elephant,73,modern rock,punk blues
6tpuzNNJUO7xfyLlrlA5kW,Reggaetones,9,,
5ZsFI1h6hIdQRw2ti0hz81,ZAYN,76,dance pop,pop
5K4W6rqBFWDnAN6FQUkS6x,Kanye West,90,chicago rap,rap
4MVyzYMgTwdP7Z49wAZHx0,Lynyrd Skynyrd,71,album rock,blues rock
7IfculRW2WXyzNQ8djX8WX,Erykah Badu,65,afrofuturism,alternative r&b
1eNkUXHPaXyuyC8NAgzykK,Jodeci,55,contemporary r&b,hip hop
4RxUeUyMaEe2T5tvULq5j0,Snoop Lion,44,reggae fusion,
5gznATMVO85ZcLTkE9ULU7,Lenny Kravitz,68,permanent wave,pop rock
26VFTg2z8YR0cCuwLzESi2,Halsey,82,dance pop,electropop
6wPxWqUwHJYKMe9ehxWteE,C.WATTS,0,,
2xe8IXgCTpwHE3eA9hTs4n,BANKS,59,electropop,
2cFrymmkijnjDg9SS92EPM,blackbear,78,pop,pop rap
3mJ9GlkLzj8Ka7Z7EQaCMi,Watsky,51,abstract hip hop,comic
3zunDAtRDg7kflREzWAhxl,Eels,57,alternative rock,melancholia
31TPClRtHm23RisEBtV3X7,Justin Timberlake,79,dance pop,pop
06HL4z0CvFAxyc27GXpf02,Taylor Swift,100,pop,
0RqtSIYZmd4fiBKVFqyIqD,Thirty Seconds To Mars,66,modern rock,post-grunge
2gsggkzM5R49q6jpPvazou,Jessie J,71,dance pop,pop
6LOvxDn71T0wWhCDNcXcUj,Banda Carnaval,61,banda,musica mexicana
5V0MlUE1Bft0mbLlND7FJz,Ella Fitzgerald,71,adult standards,jazz blues
6oMuImdp5ZcFhWP0ESe6mG,Migos,78,atl hip hop,hip hop
2WX2uTcsvV5OnS0inACecP,Birdy,70,pop,
4gzpq5DPGxSnKTe4SA8HAU,Coldplay,88,permanent wave,pop
2aIPQyKrN3oVev1kHudiai,Brendan James,36,acoustic pop,indiecoustica
2ziB7fzrXBoh1HUPS6sVFn,Audioslave,67,alternative metal,alternative rock
12Chz98pHFMPJEknJQMWvI,Muse,75,modern rock,permanent wave
6ZjFtWeHP9XN7FeKSUe80S,Bing Crosby,76,adult standards,easy listening
3oZR0tAkfIn1YmLe1faQST,Brenton Brown,30,worship,
0g5OkLnQogzLrT9s5vw6kl,"Phillips, Craig & Dean",48,ccm,christian alternative rock
7hJcb9fa4alzcOq3EaNPoG,Snoop Dogg,82,g funk,gangster rap
61hAcjvvUS6EXMpeeHwaDi,Kabah,58,dance pop,latin pop
13YmWQJFwgZrd4bf5IjMY4,Brad Paisley,64,contemporary country,country
5Y9xEAGW4GwGJgbiI6W85P,Ritchie Valens,57,adult standards,brill building pop
1hzfo8twXdOegF3xireCYs,Milky Chance,72,german pop,
2C6i0I5RiGzDKN9IAF8reh,Banda MS de Sergio Lizárraga,79,banda,musica mexicana
1itKPdyPUzkxqK58bw1Q8M,Calle Ciega,39,pop reggaeton,tropical
6roFdX1y5BYSbp60OTJWMd,Tim McGraw,70,contemporary country,country
1PJVVIeS5Wu0wbZDhtC0Ht,Grace Potter,52,,
2Hjj68yyUPiC0HKEOigcEp,Jesse McCartney,59,dance pop,neo mellow
5lwmRuXgjX8xIwlnauTZIP,Romeo Santos,81,bachata,
12FHARd9fY0Tu0ila4Ua25,Trick Daddy,57,crunk,dirty south rap
26s8LSolLfCIY88ysQbIuT,Three 6 Mafia,62,crunk,dirty south rap
319yZVtYM9MBGqmSQnMyY6,Carole King,61,adult standards,brill building pop
6DoH7ywD5BcQvjloe9OcIj,Ray LaMontagne,63,acoustic pop,indie folk
0n94vC3S9c3mb2HyNAOcjg,The Head And The Heart,62,folk-pop,indie folk
4F7Q5NV6h5TSwCainz8S5A,Duke Ellington,57,african-american classical,big band
4hGjngc0tPOBwTgTPci3IK,Santo & Johnny,52,space age pop,surf music
5oOhM2DFWab8XhSdQiITry,Tycho,57,chillwave,downtempo
0WwSkZ7LtFUFjGjMZBMt6T,Dire Straits,74,album rock,classic rock
6hfwwpXqZPRC9CsKI7qtv1,Alina Baraz,65,etherpop,pop
4MIULe6tfg2loNzBy5B9eu,T-Wayne,47,houston rap,pop rap
1vCWHaC5f2uS3yhpwWbIA6,Avicii,80,dance pop,edm
2FwJwEswyIUAljqgjNSHgP,Snakehips,61,edm,electropop
7aJSIsbI5wV8aFi2kkFfPi,ZZ Ward,46,,
0NWbwDZY1VkRqFafuQm6wk,Mike WiLL Made-It,64,atl hip hop,pop rap
4kLvhMAuCloLxoP1aVM7Lr,Michael Giacchino,65,orchestral soundtrack,soundtrack
6twIAGnYuIT1pncMAsXnEm,Commodores,63,adult standards,disco
5LXoYRwmW0t66mFpPWJiha,SuperVision,25,glitch hop,
6eouuqqGggqDlYRV63cgPo,Secondhand Serenade,56,piano rock,pixie
698hF4vcwHwPy8ltmXermq,Far East Movement,64,asian american hip hop,dance pop
085pc2PYOi8bGKj0PNjekA,will.i.am,72,dance pop,pop
540vIaP2JwjQb9dm3aArA4,DJ Snake,77,dance pop,edm
5Ay7IoZINgokkgtnWQbYSU,Si and Am,17,disney,movie tunes
6IFXsrXBpwbIqtOUOiAa3p,Rick Springfield,58,album rock,australian rock
6r514fXAl2fe5cHF6HKOHW,JRY,39,,
7C3Cbtr2PkH2l4tOGhtCsk,Shallou,60,electropop,new french touch
41Q0HrwWBtuUkJc7C1Rp6K,311,60,alternative metal,alternative rock
5vCOdeiQt9LyzdI87kt5Sh,AronChupa,60,swedish pop,
3koiLjNrgRTNbOwViDipeA,Marvin Gaye,72,classic soul,funk
3QJzdZJYIAcoET1GcfpNGi,Damian Marley,65,reggae,reggae fusion
4GpVRyxDYccJrbQkO3KWws,RDX,40,chutney,dancehall
73sIBHcqh3Z3NyqHKZ7FOL,Childish Gambino,78,atl hip hop,hip hop
6pRi6EIPXz4QJEOEsBaA0m,Chris Tomlin,66,ccm,christian alternative rock
4dwdTW1Lfiq0cM8nBAqIIz,Of Monsters and Men,67,folk-pop,metropopolis
3mmJ8ZhdfCauaUB0h8BXxV,Cloverton,23,,
6pcxIOhQCNb7DX2iuEXgxL,Tobtok,52,deep groove house,house
0wCMw81dQdNPMRB4zadq5g,New Life Worship,42,ccm,christian music
3MFp4cYuYtTZe3d3xkLLbr,Bill Haley & His Comets,52,adult standards,brill building pop
3rIZMv9rysU7JkLzEaC5Jp,Snow Patrol,67,irish rock,neo mellow
6FEoZhOfj7HMr7p1k4DsNO,Lycia Faith,19,teen pop,
5XILwCCPqHHh1JRnMfzblg,"Lambert, Hendricks & Ross",32,vocal harmony group,vocal jazz
3QGKsAfhZdldQCLuLjk6zl,Us The Duo,52,folk-pop,indiecoustica
0JdGPxHeRGfOyZg3EHwp2g,Alex Wiley,39,chicago rap,underground hip hop
4pb4rqWSoGUgxm63xmJ8xc,Madeon,57,complextro,edm
7EQ0qTo7fWT7DPxmxtSYEc,Bastille,74,metropopolis,modern rock
1Xylc3o4UrD53lo9CvFvVg,Zara Larsson,75,dance pop,edm
5D3h9ZoobhetjXw3dKhcaq,Jon Foreman,45,ccm,christian alternative rock
0cc6vw3VN8YlIcvr1v7tBL,Mötley Crüe,70,glam metal,hard rock
4TH4BHy0LdBi3dpBW4P2UX,R. City,61,reggae fusion,virgin islands reggae
1i8SpTcr7yvPOmcqrbnVXY,Ozuna,88,puerto rican pop,reggaeton
6V8rybt4KdMUCUEkkK9SB8,Canon Logic,1,,
2feDdbD5araYcm6JhFHHw7,Labrinth,78,indie poptimism,pop
5QM7h12RUoqgBHiY5OBCZs,Finghin Collins,40,,
0QJIPDAEDILuo8AIq3pMuU,M.I.A.,66,dance pop,indietronica
0vEsuISMWAKNctLlUAhSZC,Counting Crows,67,alternative rock,neo mellow
3mIj9lX2MWuHmhNCA7LSCW,The 1975,80,modern alternative rock,modern rock
49bzE5vRBRIota4qeHtQM8,Skillet,71,alternative metal,christian alternative rock
20sxb77xiYeusSH8cVdatc,Meek Mill,75,hip hop,philly rap
1yAwtBaoHLEDWAnWR87hBT,Modest Mouse,63,alternative rock,double drumming
4J3wzDMI97AlGimdiVcaLb,Crazy Frog,56,eurodance,
1BQaZSq1KsLOZGzjG5QxRC,Enur,49,reggae fusion,
3PfJE6ebCbCHeuqO4BfNeA,London Philharmonic Orchestra,64,british orchestra,orchestra
3aXox59c2JVDCGYgB16WmT,Ruffneck,24,gabba,happy hardcore
3AA28KZvwAUcZuOKwyblJQ,Gorillaz,79,alternative hip hop,
02kJSzxNuaWGqwubyUba0Z,G-Eazy,74,indie pop rap,oakland hip hop
6R9Mv0bgGE4Tqxna1q5Mrj,Roy Ayers,49,disco,funk
1ShZZUjkbXCjhwrb18BA8I,Bryce Vine,65,electropop,pop
1O3ZOjqFLEnbpZexcRjocn,RJD2,48,alternative hip hop,electronica
7xeM7V59cA1X8GKyKKQV87,Sin Bandera,70,latin arena pop,latin pop
1qSJaftSab2kTTsj7fLxvM,DJ SpinKing,51,,
3nVeK8gQChVtVCCjGreal2,Tim Halperin,50,indiecoustica,neo mellow
2kHxkdiKCSnHMkhIgFBZaI,Kristen Bell,64,disney,hollywood
0du5cEVh5yTK9QJze8zA0C,Bruno Mars,87,dance pop,pop
4S1nvNHWiZLP4rzwmULmUa,Big Data,48,metropopolis,modern alternative rock
7mDU6nMUJnOSY2Hkjz5oqM,Roy Woods,61,canadian contemporary r&b,canadian hip hop
2TnobTSt4bvTqZZmqC8cJN,DVBBS & Borgeous,0,,
4SsMf4SjhOlSqEitcprgBt,Big Daddy Weave,53,ccm,christian alternative rock
1OmdWpAh1pucAuZPzJaxIJ,Calexico,47,alternative country,roots rock
5DYAABs8rkY9VhwtENoQCz,Gavin DeGraw,61,neo mellow,pop rock
0eHQ9o50hj6ZDNBt6Ys1sD,Yandel,74,latin hip hop,reggaeton
3ATyg4fGC9F8trfb0GRWmX,Joey Montana,61,latin hip hop,latin pop
12zbUHbPHL5DGuJtiUfsip,Julien Baker,55,ambient folk,indie pop
5p7f24Rk5HkUZsaS3BLG5F,Hailee Steinfeld,71,dance pop,pop
4EVpmkEwrLYEg6jIsiPMIb,Fleet Foxes,64,chamber pop,folk
5dTYaRzOn4rXGBLH052EeQ,A Fine Frenzy,43,acoustic pop,indie pop
58R5LHkK3vkmEyGUPOR5kS,KONGOS,52,modern alternative rock,modern blues rock
4IWBUUAFIplrNtaOHcJPRM,James Arthur,79,pop,talent show
1Zatb2YN4erBOoSivOXc0o,O.T. Genasis,54,gangster rap,pop rap
5hE6NCoobhyEu6TRSbjOJY,Fever Ray,51,alternative dance,art pop
5ar4zFgUQG1RsH8nhmjOeM,Robotaki,46,electropop,future bass
5dHt1vcEm9qb8fCyLcB3HL,A$AP Ferg,71,gangster rap,hip hop
5n30a5V4ftXNMHCHChmK2h,Young MC,49,hip hop,rap
2xiIXseIJcq3nG7C8fHeBj,Three Days Grace,74,alternative metal,canadian metal
2o5jDhtHVPhrJdv3cEQ99Z,Tiësto,83,big room,brostep
1n2pb9Tsfe4SwAjmUac6YT,Jake Owen,64,contemporary country,country
3sc34B4NYjNQZQqpxeAGnK,Wretched,27,deathcore,melodic deathcore
1RyvyyTE3xzB2ZywiAwp0i,Future,87,atl hip hop,hip hop
3MHaV05u0io8fQbZ2XPtlC,Prince Royce,75,bachata,latin hip hop
7hHDN8REbPLpv46ROortOM,Super Cat,41,dancehall,lovers rock
0fA0VVWsXO9YnASrzqfmYu,Kid Cudi,81,hip hop,ohio hip hop
3jHBxvZ9gbBkZ17wKUqVsO,Kent Jones,47,miami hip hop,viral trap
3qwxSif06Qwzykdln8ZGfG,Wax Tailor,53,electronica,hip-hop experimental
4rs1K6gDzLY5VnCMSC80o7,Vacationer,40,chillwave,indie rock
1xHQO9GJIW9OXHxGBISYc5,Marian Hill,53,electropop,
74ASZWbe4lXaubB36ztrGX,Bob Dylan,71,classic rock,country rock
3RMHexittaAZkf8zukkZB8,Trevor Hall,59,acoustic pop,high vibe
10exVja0key0uqUkk6LJRT,Vance Joy,74,folk-pop,pop
3hv9jJF3adDNsBSIQDqcjp,Mark Ronson,73,dance pop,pop
7352aRY2mqSxBZwzUb6LmA,Bow Wow,59,dance pop,hip hop
6KWcxMWVNVIYbdOQyJtsSy,The Platters,59,adult standards,brill building pop
4U7hzJON7jzAwaWqB4raLf,Mantaraybryn,36,cornwall indie,uk alternative pop
0LmXoyW6K4zJ48lCRq7w3h,Built By Titan,40,cedm,
3kHVioJpVxlazAAKQ64pC1,Yuna,57,malaysian pop,
3jFjgKOGfVLWfXX8q5wrsg,R.K.M & Ken-Y,63,latin hip hop,reggaeton
7Ln80lUS6He07XvHI8qqHH,Arctic Monkeys,87,garage rock,modern rock
6aaMZ3fcfLv4tEbmY7bjRM,Isaiah Rashad,66,hip hop,rap
1l8Fu6IkuTP0U5QetQJ5Xt,Fifth Harmony,68,dance pop,girl group
0hCNtLu0JehylgoiP8L4Gh,Nicki Minaj,85,dance pop,hip pop
5doPfvddXXjtQIJu9rQEz5,Tayler Buono,32,alt z,
1SZMaiNHfdUuU0qZKZ6y62,Newsboys,56,ccm,christian alternative rock
4YrKBkKSVeqDamzBPWVnSJ,Basement Jaxx,53,alternative dance,big beat
0YhUSm86okLWldQVwJkLlP,Bad Suns,58,indie poptimism,la indie
4IJczjB0fJ04gs4uvP0Fli,Gym Class Heroes,68,dance pop,pop rap
415JrPfN7ukaTu8JV8BLE8,Local H,51,alternative metal,alternative rock
23fqKkggKUBHNkbKtXEls4,Kygo,79,edm,pop
7v4imS0moSyGdXyLgVTIV7,Nat King Cole,75,adult standards,vocal jazz
3bcLBxvaI7GsBzGp3WHnwQ,Nickel Creek,46,bluegrass,indie folk
1HY2Jd0NmPuamShAr6KMms,Lady Gaga,84,art pop,dance pop
5sm0jQ1mq0dusiLtDJ2b4R,Eric Prydz,63,disco house,edm
4yvcSjfu4PC0CYQyLy4wSq,Glass Animals,78,gauze pop,indietronica
6f4XkbvYlXMH0QgVRzW0sM,Waka Flocka Flame,65,atl hip hop,dirty south rap
0CIwCGmQMqHqiblnZlFia1,Stephen Marley,59,lovers rock,modern reggae
2wUjUUtkb5lvLKcGKsKqsR,Alessia Cara,74,canadian contemporary r&b,canadian pop
3KuLo66B73btyQpdXlkqFx,Speaker Knockerz,52,melodic rap,south carolina hip hop
4F84IBURUo98rz4r61KF70,The White Stripes,70,alternative rock,blues rock
0EdvGhlC1FkGItLOWQzG4J,Sublime,69,reggae fusion,ska mexicano
5UFWdAKsTs2o6gwSyBXxS2,Priceless Da Roc,30,,
0GAapPTQR8KFJxrNZOKksy,Ryan Kinder,37,country pop,
6eoJpTIlcuxJNjV5fDzDJH,Live,60,alternative metal,alternative rock
5MouCg6ta7zAxsfMEbc1uh,OMI,63,dance pop,
23zg3TcAtWQy7J6upgbUnj,Usher,78,atl hip hop,contemporary r&b
0o0rlxlC3ApLWsxFkUjMXc,Ziggy Marley,55,reggae,roots reggae
4dM6NDYSfLcspt8GLoT5aE,Hippie Sabotage,68,edm,electronic trap
5SbkVQYYzlw1kte75QIabH,Gnarls Barkley,64,atl hip hop,neo soul
1QM4zJDvUZPB1oX0pGLkjg,"Bobby ""Boris"" Pickett & The Crypt-Kickers",14,halloween,
5geIMZUDvBE9CwP2iBnBuM,The Madden Brothers,23,,
1Ffb6ejR6Fe5IamqA5oRUF,Bring Me The Horizon,76,melodic metalcore,metalcore
6zvul52xwTWzilBZl6BUbT,Pixies,70,alternative rock,boston rock
1Tauz2QusnM8J5ZtD6JDY0,Wu-Block,17,wu fam,
68kEuyFKyqrdQQLLsmiatm,Vince Staples,67,conscious hip hop,hip hop
6D01mATo26VaiiCfZzpWAm,The Cover Girls,37,freestyle,
1buzCmyYZE4kcdLRudsb8V,Mikky Ekko,66,nashville indie,
2hj2E6c3lMHm5QlqsQFI04,Tilian,44,progressive post-hardcore,
0rESpKEusFHxhW59MIf7eM,The Flying Burrito Brothers,44,alternative country,classic rock
0EyuKHE1AeE9lWUF8mzKVp,Fuel,56,alternative metal,alternative rock
5PrHzxc3kFm4hIrGNmelpX,Rodríguez,56,folk,folk rock
0jNDKefhfSbLR9sFvcPLHo,San Holo,57,edm,electro house
0Y5tJX1MQlPlqiwlOH1tJY,Travis Scott,88,rap,slap house
3mvTAjG7rcyk7DQzLwauzV,The Bouncing Souls,49,asbury park indie,melodic hardcore
7n2wHs1TKAczGzO7Dd2rGr,Shawn Mendes,84,canadian pop,dance pop
6S2OmqARrzebs0tKUEyXyp,Demi Lovato,79,dance pop,pop
4uethVhVpoyO3OhT40JH1o,machineheart,41,alt z,electropop
7EzNTMzMN70jRxBWbxeshd,The Beatles Tribute Project,16,tribute,
1nzgtKYFckznkcVMR3Gg4z,KSI,68,uk hip hop,
1KCSPY1glIKqW2TotWuXOR,P!nk,79,dance pop,pop
5BCSBCVz8WZBqQOoSiA7HM,Irum Jam,0,,
0z4gvV4rjIZ9wHck67ucSV,Akon,80,dance pop,
5gCRApTajqwbnHHPbr2Fpi,Juicy J,74,crunk,dirty south rap
7Ck9ZyYvzMnaBQ76ZrSJFI,Ohboyprince,29,viral trap,
43qpnCSCXefs3GzxOrWzdz,Original Broadway Cast Recording,36,broadway,
0XKOBt59crntr7HQXXO8Yz,Brooks & Dunn,69,contemporary country,country
6l3HvQ5sa6mXTsMTB19rO5,J. Cole,85,conscious hip hop,hip hop
7wFDo161xYdeaiLz3KIHoM,Gallant,51,,
2l35CQqtYRh3d8ZIiBep4v,MKTO,65,dance pop,pop
1c22GXH30ijlOfXhfLz9Df,Elvis Crespo,64,latin pop,tropical
3aQeKQSyrW4qWr35idm0cy,T-Pain,76,dance pop,hip hop
25u4wHJWxCA9vO0CzxAbK7,Lukas Graham,71,danish pop,pop
1J2VVASYAamtQ3Bt8wGgA6,Ja Rule,68,dance pop,east coast hip hop
0NbfKEOTQCcwd6o7wSDOHI,The Game,73,gangster rap,hip hop
7giUHu5pv6YTZgSkxxCcgh,Edward Sharpe & The Magnetic Zeros,61,double drumming,indie folk
44jLOUh67NE3q0HAwDtrvg,Sam Gouthro,30,,
1vyhD5VmyZ7KMfW5gqLgo5,J Balvin,87,reggaeton,reggaeton colombiano
7BGR8y1VZAWK2oR4zD9COr,Protoje,57,dancehall,modern reggae
2AgbDbAVnc4y7oB2QxISmJ,SŸDE,33,,
0UF7XLthtbSF2Eur7559oV,Kavinsky,59,alternative dance,electro house
0BvkDsjIUla7X0k6CSWh1I,Luke Bryan,75,contemporary country,country
22282KfMxDo2PMjnBc82I4,Biz Markie,48,east coast hip hop,electro
4jogXSSvlyMkODGSZ2wc2P,Calibre 50,76,musica mexicana,
4QDvXnbmw1znkqkK1119Fc,RKCB,49,electropop,indie electropop
4XDJurjQCnWLlE7KLZCT9x,Samuel Barber,48,american modern classical,classical
34W7ZCX0LZeJd8q6boKGOk,Ben Webster,54,bebop,hard bop
2x8KDZdSONA3872CnhaAlX,Styles P,60,battle rap,east coast hip hop
40LHVA5BTQp9RxHOQ9JPYj,Lauren Daigle,68,ccm,christian alternative rock
1GlMjIezcLwV3OFlX0uXOv,Lea Salonga,59,hollywood,movie tunes
7dWYWUbO68rXJOcyA7SpJk,Fort Minor,60,pop rap,rap rock
0Ya43ZKWHTKkAbkoJJkwIB,The Wombats,65,liverpool indie,modern rock
3sQYqaf41VfoaRCNF6RzAB,Stone & Van Linden,23,,
6LfRKKiOHyxMuei2Pn3kMl,DJ Snake,77,dance pop,edm
2aAHdB5HweT3mFcRzm0swc,Glenn Miller,55,adult standards,big band
62GWNzUZe8ZuGcQnV7uBjg,Perfect Two,35,,
5xUf6j4upBrXZPg6AI4MRK,Soundgarden,66,alternative metal,alternative rock
46CitWgnWrvF9t70C2p1Me,Daughter,61,shimmer pop,
74KM79TiuVKeVCqs8QtB0B,Sabrina Carpenter,75,alt z,dance pop
2utNxkLhreF1oIfO8kQT3q,Manfred Mann's Earth Band,54,album rock,art rock
3RthMq3xfDQZl80cMEg1JQ,Finish Ticket,33,bay area indie,indie poptimism
4b0WsB47XCa9F83BmwQ7WX,The Righteous Brothers,60,adult standards,brill building pop
3nlpTZci9O5W8RsNoNH559,Juan Luis Guerra 4.40,73,bachata,latin pop
1zhIzONVRlTfD1VQRauHMl,Chris Cagle,52,contemporary country,country
1MIe1z4RdqLqHSJsb7EBMm,The Greeting Committee,51,indie pop,indie rock
3TOqt5oJwL9BE2NG9MEwDa,Disturbed,73,alternative metal,nu metal
0Tob4H0FLtEONHU1MjpUEp,Tinie Tempah,62,dance pop,edm
6Q192DXotxtaysaqNPy5yR,Amy Winehouse,74,british soul,neo soul
3nJWBJvK7uGvfp4iZh9CkN,Relient K,56,canadian ccm,christian alternative rock
2QSPrJfYeRXaltEEiriXN9,Tove Styrke,52,dance pop,electropop
1Mxqyy3pSjf8kZZL4QVxS0,Frank Sinatra,79,adult standards,easy listening
0PxzGnCYBpSuaI49OR94cA,Big Wild,60,indie poptimism,
2wIVse2owClT7go1WT98tk,Missy Elliott,69,dance pop,hip hop
39vA9YljbnOApXKniLWBZv,Sylvan Esso,57,electropop,etherpop
0UWZUmn7sybxMCqrw9tGa7,Juanes,75,colombian pop,latin pop
3iOvXCl6edW5Um0fXEBRXy,The xx,65,downtempo,dream pop
15UsOTVnJzReFVN1VCnxy4,XXXTENTACION,87,emo rap,miami hip hop
27vNK840zYq6IfDijHPsv1,Gilberto Santa Rosa,67,salsa,salsa puertorriquena
6GpcBKNmZDIrRzYkPJu7Wd,flora cash,60,indie pop,scandipop
2UBTfUoLI07iRqGeUrwhZh,Steve Earle,59,alternative country,country rock
1esV1Kbjb2mU2NuxzRDQ0D,R E L,39,vapor soul,
2Iyxo030DdKWKmhhEaS22p,Tedy,42,,
26opZSJcXshCmCwxgZQmBc,Whiskey Myers,64,modern southern rock,texas country
49qiE8dj4JuNdpYGRPdKbF,Stone Sour,63,alternative metal,nu metal
15iVAtD3s3FsQR4w1v6M0P,Chief Keef,73,chicago bop,chicago drill
0awl5piYwO0CDTHEkCjUhn,Nico & Vinz,61,pop rap,
17lzZA2AlOHwCwFALHttmp,2 Chainz,75,atl hip hop,gangster rap
0jnsk9HBra6NMjO2oANoPY,Flo Rida,77,dance pop,edm
4eIjSDb64R18sJaNlOGaFH,James Fortune,43,contemporary gospel,gospel
4RjamFQJNT8nVbTKXJDJgv,Kalimba,60,latin arena pop,latin pop
5Pwc4xIPtQLFEnJriah9YJ,OneRepublic,84,piano rock,pop
4nDoRrQiYLoBzwC5BhVJzF,Camila Cabello,81,dance pop,pop
7nKeLE1toRtW4M279iS26h,Zay Hilfigerrr,41,,
3pTE9iaJTkWns3mxpNQlJV,Bombay Bicycle Club,57,alternative dance,british indie rock
20JZFwl6HVl6yg8a4H3ZqK,Panic! At The Disco,77,modern rock,
5GNSVtCq2hiXDx7jUA5Iou,ChiChi Peralta,60,latin pop,salsa
4AgQTHagFdBq8VL791lSXz,Keith Anderson,46,contemporary country,country
46gyXjRIvN1NL1eCB8GBxo,All Time Low,69,modern rock,pop punk
5sdSQ6DKDYVNMIfhuLiEg0,Marcell & The Truth,10,neo soul-jazz,
2FXC3k01G6Gw61bmprjgqS,Hozier,77,irish singer-songwriter,pop
1uQWmt1OhuHGRKmZ2ZcL6p,Explosions In The Sky,50,american post-rock,cinematic post-rock
6mdiAmATAx73kdxrNrnlao,Iron Maiden,72,hard rock,metal
0BcQnsuugVDQM5hCyWqT5X,"Tiffany, Yozoh, Na Yoon Kwon, Jang Geun Seuk and S.Jin",19,,
5IcR3N7QB1j6KBL8eImZ8m,ScHoolboy Q,72,gangster rap,hip hop
3YQKmKGau1PzlVlkL1iodx,Twenty One Pilots,79,modern rock,rock
12d4iIvTOk7JkI6ecvc3ca,The Charlie Daniels Band,58,classic rock,country
50JJSqHUf2RQ9xsHs0KMHg,Jon Bellion,66,pop rap,
3oDbviiivRWhXwIE8hxkVV,The Beach Boys,72,baroque pop,brill building pop
6Id8rcDNyBXPcgKQVfQ8rX,Samuel E. Wright,55,disney,hollywood
0xhLp59a1jm2yaqwEcrrEx,Jackson Taylor & the Sinners,34,roots americana,texas country
3tVc31isarO5guX1jYDYt0,John Pinette,36,clean comedy,comedy
0dlOr0VIysztGWvU1dpjmP,Natalie Imbruglia,61,dance pop,europop
5QjWgYDeKNP2iPHTdTttnG,Stacie Orrico,47,candy pop,dance pop
5YkBrE0wF8cAlq3GCOw5Eu,Best Coast,45,indie pop,indie rock
6hnWRPzGGKiapVX1UCdEAC,Sam Cooke,66,adult standards,brill building pop
776Uo845nYHJpNaStv1Ds4,Jimi Hendrix,70,acid rock,album rock
7jefIIksOi1EazgRTfW2Pk,Electric Light Orchestra,70,album rock,art rock
7AQzXO3NPNQsI7oNu5rC3r,Marcy Playground,55,alternative rock,pop rock
5wpEBloInversG3zp3CVAk,Jeremy Camp,59,ccm,christian alternative rock
1YK8JdPbiaMSnf4hrlBkGT,Pepper,53,reggae fusion,reggae rock
77AiFEVeAVj2ORpC85QVJs,Steve Aoki,72,dance pop,edm
00FQb4jTyendYWaN8pK0wa,Lana Del Rey,88,art pop,pop
7iZtZyCzp3LItcw1wtPI3D,Rae Sremmurd,71,hip hop,melodic rap
47DQBkDU2VieRG0aJUcPJs,Jace Everett,39,modern blues rock,
47LEGQCc9FShxKmbod8u7e,Joey Cape,28,acoustic rock,melodic hardcore
3ciRvbBIVz9fBoPbtSYq4x,Lil Jon & The East Side Boyz,61,atl hip hop,atlanta bass
4bthk9UfsYUYdcFyqxmSUU,Tears For Fears,72,new romantic,new wave
0oM8RWZXhJYSnzGdepP7fM,Aaron Shust,44,anthem worship,ccm
6O3ZB5Cz5CNT3wQWouKcNJ,Carmen Twillie,49,disney,movie tunes
1wiBLzTI7z9RUwEpNPdFT6,Mase,64,gangster rap,hardcore hip hop
6IFUhDPbZkH4ytZZDiu0x4,Charles Hart,13,,
2auiVi8sUZo17dLy1HwrTU,Solange,60,afrofuturism,alternative r&b
69GGBxA162lTqCwzJG5jLp,The Chainsmokers,80,dance pop,edm
537sNBWXwKfPK79GaWxFdK,Fly Commons,3,,
4ZWvN9FEfdTea1SEHjpTNi,Pinback,46,indie rock,
6FBDaR13swtiWwGhX1WQsP,blink-182,78,pop punk,punk
6VuMaDnrHyPL1p4EHjYLi7,Charlie Puth,83,dance pop,pop
7sgWBYtJpblXpJl2lU5WVs,Electric Guest,55,alternative dance,indie rock
3IEvQoAohcGX7CdrbtIle7,Baby Rasta & Gringo,62,latin hip hop,perreo
1cXVTtkpqSXVhyD32f9MS4,High Highs,41,shimmer pop,
5fIZHCg2de8322HZodBDWL,The Secret Sisters,52,folk,indie folk
4iVhFmG8YCCEHANGeUUS9q,Pretty Lights,49,glitch hop,jazztronica
5QdEbQJ3ylBnc3gsIASAT5,G Herbo,72,chicago drill,chicago rap
1riHqX633Kup3mJAw8WR8p,Kenny Wayne Shepherd,53,blues rock,electric blues
74gcBzlQza1bSfob90yRhR,City and Colour,58,canadian folk,canadian indie
6pmxr66tMAePxzOLfjGNcX,Beirut,57,albuquerque indie,baroque pop
4EnEZVjo3w1cwcQYePccay,N.W.A.,65,conscious hip hop,gangster rap
21mKp7DqtSNHhCAU2ugvUw,ODESZA,69,chillwave,edm
6g878dtAhjegRHVe5X0ALf,Bryce Fox,56,modern alternative rock,modern rock
5y2Xq6xcjJb2jVM54GHK3t,John Legend,77,neo soul,pop
0Onvkz1Nbs4wHXXUwOIGk8,Jesus Culture,56,ccm,christian music
2gkEBiQgro5XSc9NJJSuIL,Randy Coleman,21,,
5mYS4mPFCpxvQwGU8rT43a,Sol,40,indie pop rap,seattle hip hop
0VVzOYd6jxOtRSceRJxKOS,Various Artists,0,,
4MoAOfV4ROWofLG3a3hhBN,Jon Pardi,71,contemporary country,country
5rSXSAkZ67PYJSvpUpkOr7,Backstreet Boys,75,boy band,dance pop
405886WOgGMZsKlEUzw2ZC,VideoGameRapBattles,49,anime rap,antiviral pop
25vU5DYwHIHhg1ViWV3SJq,Savoy,37,chillstep,complextro
5LHRHt1k9lMyONurDHEdrp,Tyga,79,dance pop,hip hop
5schNIzWdI9gJ1QRK8SBnc,Ben Howard,64,british singer-songwriter,folk-pop
2QsynagSdAqZj3U9HgDzjD,Bob Marley & The Wailers,77,reggae,roots reggae
4EzkuveR9pLvDVFNx6foYD,James Bay,71,neo mellow,pop
7LbuenKfQNLPKzvi1rKPBG,Madden,37,norwegian pop,
5juOkIIy18sFw9L30syt1Z,Washed Out,53,alternative dance,chillwave
6TQj5BFPooTa08A7pk8AQ1,Kaskade,66,edm,electro house
6ZdfgM3lZ3ikEPsH0GJV4x,Suzi,43,,
40ELTAg7Kg6vbWnlyx2n9R,Lewis Watson,44,indie anthem-folk,oxford indie
1GxkXlMwML1oSg5eLPiAz3,Michael Bublé,82,adult standards,canadian pop
2933wDUojoQmvqSdTAE5NB,DARKSIDE,45,downtempo,electronica
3fjs4zbBFxEFFe8Wyojo0G,Elephante,47,edm,electropop
7f5Zgnp2spUuuzKplmRkt7,Lost Frequencies,75,belgian edm,edm
7G1GBhoKtEPnP86X2PvEYO,Nina Simone,67,jazz blues,soul
5JSXWmQO8csVUy6hSRu8TA,Maty Noyes,52,alt z,electropop
5INjqkS1o8h1imAzPqGZBb,Tame Impala,79,australian psych,neo-psychedelic
7yO4IdJjCEPz7YgZMe25iS,A$AP Mob,60,hip hop,rap
0lJlKQvuM2Sd9DPPyUXcHg,Sixpence None The Richer,62,neo mellow,pop rock
4m4SfDVbF5wxrwEjDKgi4k,Cher Lloyd,60,dance pop,electropop
7A0awCXkE1FtSU8B0qwOJQ,Jamie xx,61,electronica,future garage
22bE4uQ6baNwSHPVcDxLCe,The Rolling Stones,77,british invasion,classic rock
4igDSX1kgfWbVTDCywcBGm,Johnnyswim,53,acoustic pop,folk-pop
5SyGEPymt1G2uto47tVWvZ,MadeinTYO,60,atl hip hop,hip hop
6gbGGM0E8Q1hE511psqxL0,Ray J,56,pop rap,r&b
4e5V1Q2dKCzbLVMQ8qbTn6,Collective Soul,60,alternative rock,nu metal
4iHNK0tOyZPYnBU7nGAgpQ,Mariah Carey,81,dance pop,pop
64tNsm6TnZe2zpcMVMOoHL,Alice In Chains,70,alternative metal,alternative rock
2wvUfjKGoXvcnDHq7GgMOa,The Ting Tings,50,alternative dance,dance pop
6AUl0ykLLpvTktob97x9hO,Tee Grizzley,68,detroit hip hop,detroit trap
2Sqr0DXoaYABbjBo9HaMkM,Sara Bareilles,65,acoustic pop,hollywood
3RtfUlH73q1WCxDvgllFKi,Dave Murray,23,,
5tKXB9uuebKE34yowVaU3C,Iyaz,63,dance pop,pop rap
7dGJo4pcD2V6oG8kP0tJRR,Eminem,91,detroit hip hop,hip hop
1moxjboGR7GNWYIMWsRjgG,Florence + The Machine,74,baroque pop,pop
0vaKiuLwFJLVU664A8GTjE,Jace,49,,
01lz5VBfkMFDteSA9pKJuP,The Click Five,48,boy band,neo mellow
6LEeAFiJF8OuPx747e1wxR,Blood Orange,61,alternative r&b,art pop
1N8s1kXnFIAoPL53mSGsem,Jakob Liedholm,12,,
7pFeBzX627ff0VnN6bxPR4,Desiigner,63,pop rap,rap
7H6dkUChT5EoOQtUVMg4cN,Hunter Hayes,59,contemporary country,country
59PMoeYMK4U67YYzVWZGoi,Michael Silverman,47,pianissimo,
3UVRliakQfa1pMWIsNuiZ8,Musiq Soulchild,58,contemporary r&b,neo soul
0399oiMcmbOzzsYQDNYqxn,Problem,53,cali rap,hyphy
1HxXNvsraqrsgfmju1yKk8,Modern Baseball,59,alternative emo,emo
163tK9Wjr9P9DmM0AVK7lm,Lorde,76,art pop,metropopolis
3q9nybxzbSHsesDBHUlP4c,Coleman Hell,45,canadian pop,indie poptimism
4LLpKhyESsyAXpc4laK94U,Mac Miller,83,hip hop,pittsburgh rap
1HBjj22wzbscIZ9sEb5dyf,Jonas Blue,73,dance pop,edm
3QLIkT4rD2FMusaqmkepbq,Rachel Platten,61,dance pop,neo mellow
5rkVyNGXEgeUqKkB5ccK83,Ashanti,70,dance pop,hip hop
1eZ4td9oadjw7GkW0LzxNK,STS9,37,jam band,jamtronica
3gd8FJtBJtkRxdfbTu19U2,Mumford & Sons,71,modern folk rock,stomp and holler
4iUCypSQyIBdkJ6roB3Z9F,The Last Emperor,25,philly rap,
4gdU6QYD0tktQA9AHdcNn4,Ben Phipps,35,deep tropical house,nyc pop
47z7ZrgFoBvVpCnElCE3Zh,Yellow Claw,62,bass trap,edm
6BNaPZdAIZAJnbgJRiZz2w,Kill Paris,40,chillstep,complextro
4bPiOPI4V99cepEftvBYak,Banda Los Recoditos,67,banda,musica mexicana
6KImCVD70vtIoJWnq6nGn3,Harry Styles,89,pop,
1w5Kfo2jwwIPruYS2UWh56,Pearl Jam,73,alternative rock,grunge
36QJpDe2go2KgaRleHCDTp,Led Zeppelin,76,album rock,classic rock
0EhgpjUqiIIQhM6ZRF4kXX,Pat Green,46,texas country,
2LugLl6PECHBoMXatOg1ZP,Bohkeh,14,,
2mbvqMGpwLsakeH45p1Jrb,Mungo Jerry,50,british blues,bubblegum pop
6eUKZXaKkcviH0Ku9w2n3V,Ed Sheeran,90,pop,uk pop
4hVcxmC7igpot32EzQf7IR,Amel Larrieux,41,neo soul,r&b
6A43Djmhbe9100UwnI7epV,CAKE,61,alternative rock,modern rock
4AapPt7H6bGH4i7chTulpI,Ben Rector,61,acoustic pop,indiecoustica
6VDdCwrBM4qQaGxoAyxyJC,Cold War Kids,59,alternative rock,indie rock
2r09Inibex3C4ZNTUVSG3m,Keith Sweat,57,contemporary r&b,neo soul
1FQXio7XougvCvKLIu0CCk,Tucker Beathard,41,country pop,
5EvFsr3kj42KNv97ZEnqij,Shaggy,71,dance pop,pop rap
6v8FB84lnmJs434UJf2Mrm,Neil Young,61,canadian singer-songwriter,classic canadian rock
6JL8zeS1NmiOftqZTRgdTz,Meghan Trainor,82,dance pop,hip pop
7bzt5lHL6bzLO3c9mkxNMW,Los Socios Del Ritmo,60,cumbia del sureste,cumbia sonidera
2GH5uRMxmuAWn90B8DEZU3,Pham,50,bass trap,
7w9jdhcgHNdiPeNPUoFSlx,Dropkick Murphys,61,boston punk,boston rock
14hUMFyndDg4AQ3jP8cljs,Seasons After,29,gymcore,hard alternative
26bcq2nyj5GB7uRr558iQg,Survivor,66,album rock,hard rock
5wam12nGWDBIrLDV78TNSF,Artie Shaw,46,adult standards,big band
2DtidViVelNGRQW2Znq5Mf,Opus Orange,26,,
6ktyNEnEukKzskQEiXgCFD,Craig Morgan,55,contemporary country,country
0OdUWJ0sBjDrqHygGUXeCF,Band of Horses,59,indie rock,modern rock
5k58ro6wizhwH6oPwICLns,Lauren O'Connell,36,alternative americana,
1xMXwKQhYLclPctEzpm4nr,Jerreau,39,,
6dC0rIJNLSFZwqckLgXJ8p,Timeflies,53,dance pop,indie pop rap
6qyi8X6MdP1lu6B1K6yh3h,Silversun Pickups,55,alternative metal,alternative rock
57WHJIHrjOE3iAxpihhMnp,Louis Tomlinson,75,pop,post-teen pop
0B7Y5KDNScTBzeN7DY74YG,Tryhardninja,58,antiviral pop,fnaf
2HPaUgqeutzr3jx5a9WyDV,PARTYNEXTDOOR,76,pop,r&b
6LqNN22kT3074XbTVUrhzX,Kesha,75,dance pop,pop
0cGUm45nv7Z6M6qdXYQGTX,Kehlani,75,dance pop,pop
48sLioddyaXkuhyHXSkpsB,Parson James,58,pop soul,
4IVAbR2w4JJNJDDRFP3E83,6LACK,74,atl hip hop,hip hop
6VxCmtR7S3yz4vnzsJqhSV,Sheppard,61,australian indie,australian pop
4lxfqrEsLX6N1N4OCSkILp,Phil Collins,74,mellow gold,rock drums
6PXS4YHDkKvl1wkIl4V8DL,Fetty Wap,70,dance pop,new jersey rap
6LuN9FCkKOj5PcnpouEgny,Khalid,85,pop,pop r&b
6DIS6PRrLS3wbnZsf7vYic,WALK THE MOON,67,dance rock,indie poptimism
4d3yvTptO48nOYTPBcPFZC,Eve,66,dance pop,gangster rap
2PCUhxD40qlMqsKHjTZD2e,Parachute,55,acoustic pop,charlottesville indie
11kBu957KTYoAltZHDm8gW,Buena Vista Social Club,60,latin jazz,musica tradicional cubana
3qnGvpP8Yth1AqSBMqON5x,Leon Bridges,71,modern blues,
1anyVhU62p31KFi8MEzkbf,Chance the Rapper,74,chicago rap,conscious hip hop
50OApTJurDusIo9dGTqSU4,Lilly Wood and The Prick,60,french indie pop,french rock
3vAaWhdBR38Q02ohXqaNHT,The All-American Rejects,66,modern rock,pop punk
0epOFNiUfyON9EYx7Tpr6V,The Strokes,74,alternative rock,garage rock
3j4FHbC5zwmYGJ7r0ZgaMt,Lissie,51,folk-pop,
29WzbAQtDnBJF09es0uddn,Corinne Bailey Rae,61,british soul,neo mellow
738wLrAtLtCtFOLvQBXOXp,Major Lazer,73,dance pop,edm
0B3N0ZINFWvizfa8bKiz4v,James TW,66,neo mellow,pop
6mrxbyEEsUxIQxwNEEem0B,The Stairwells,26,,
6H8Sj9gFyDYJ3T63LA3DKz,Carolina Chocolate Drops,38,banjo,black americana
2VAnyOxzJuSAj7XIuEOT38,AlunaGeorge,61,electropop,house
5ivCbtrcD5N4rD337xIb2z,MisterWives,59,electropop,indie pop
6yFbpXlBH8XHVQGjUPUvKU,He Is We,48,alternative pop rock,neo mellow
23NIwARd4vPbxt3wwNnJ6k,Parquet Courts,50,alternative rock,brooklyn indie
65NvBV0QogJroXpNLUTJyX,Bellarive,27,christian rock,christian uplift
2zgG1GPDvjaBgxeQaVXI14,All That Remains,57,alternative metal,melodic metalcore
7aA592KWirLsnfb5ulGWvU,Danny Brown,59,alternative hip hop,detroit hip hop
1soJ22UMyjIw6SYFtoFJwe,Tipper,44,downtempo,glitch hop
3sDbKMebVH2VYcRSl7u1VC,for KING & COUNTRY,65,ccm,christian alternative rock
2mxe0TnaNL039ysAj51xPQ,R. Kelly,66,,
1LB8qB5BPb3MHQrfkvifXU,Cheap Trick,61,album rock,art rock
2vhrwzjf9H3icunkVFi9tq,Smash Into Pieces,57,,
2TWKl87Jnmd5MApKEpVCxA,Blackbird Blackbird,39,chillwave,shimmer pop
2WKdxPFRD7IqZvlIAvhMgY,Fugees,65,east coast hip hop,gangster rap
2bA6fzP0lMAQ4kz6CF61w8,Toby Keith,67,contemporary country,country
1l9d7B8W0IHy3LqWsxP2SH,Phantogram,67,indietronica,metropopolis
5eIbEEQnDM8yuDVB0bimSP,RL Grime,60,bass trap,edm
7KNW6OwcA260MsaEtnvhxV,Beth Fowler,43,disney,movie tunes
2YZyLoL8N0Wb9xBt1NhZWg,Kendrick Lamar,88,conscious hip hop,hip hop
7gWumE1wMALHXANLSIt054,Dreezy,52,alternative r&b,chicago rap
6XyY86QOPPrYVGvF9ch6wz,Linkin Park,83,alternative metal,nu metal
2wC90WSKQd0BvdxJZ0mObr,El Komander,67,corrido,musica mexicana
7oPgCQqMMXEXrNau5vxYZP,Tracy Chapman,67,folk,lilith
2h93pZq0e7k5yf4dywlkpM,Frank Ocean,83,hip hop,lgbtq+ hip hop
37awA8DFCAnCCL7aqYbDnD,Blasterjaxx,64,big room,dutch house
0AJUYWKztkg5dnrHDIBv47,MiC LOWRY,39,,
3LKXWvXFWrkwUzJWxzwVpW,Tony Dize,74,latin hip hop,reggaeton
0eet2VBconGGtNYJ0CBgHu,Eloy,47,reggaeton flow,trap latino
6fxyWrfmjcbj5d12gXeiNV,Denzel Curry,72,dark trap,drill
0uq5PttqEjj3IH1bzwcrXF,Spice Girls,67,dance pop,europop
5GtMEZEeFFsuHY8ad4kOxv,Seal,62,british soul,
0DK7FqcaL3ks9TfFn9y1sD,Box Car Racer,50,pop punk,punk
0IF46mUS8NXjgHabxk2MCM,Kelis,62,dance pop,electropop
41qil2VaGbD194gaEcmmyx,Will Smith,66,dance pop,hip hop
5aBxFPaaGk9204ssHUvXWN,Michael W. Smith,59,ccm,christian alternative rock
2P3cjUru4H3fhSXXNxE9kA,Blackstreet,62,boy band,contemporary r&b
27Yc5RzJf27tJfqezJnHY1,Agapornis,55,cumbia pop,cumbia villera
7HcipAIJatVGT4U6HQrnFW,Junip,45,stomp and holler,swedish indie rock
4NagmapOfJiPOxJ9vQsrsf,Mikkel S. Eriksen,19,,
2AQjGvtT0pFYfxR3neFcvz,Jordin Sparks,62,dance pop,neo mellow
3GsIlcwgQDJVjHD82mbA0Z,iLoveMemphis,40,chicago bop,viral trap
4TKTii6gnOnUXQHyuo9JaD,Sheryl Crow,65,lilith,mellow gold
3t5xRXzsuZmMDkQzgOX35S,Robin Schulz,81,dance pop,deep euro house
0vZPnViZ1Xz1XLRbzvdwid,Tru Heru,16,,
364ovD0MRp9ezaNTkRoLeA,Gavin Mikhail,46,piano rock,viral pop
0NJbkbtOgSj2Q5bkUV3FPz,Polo Montañez,51,son cubano,
1yxSLGMDHlW21z4YXirZDS,Black Eyed Peas,80,dance pop,pop
6cvdLMjrKlckFpkdNRiZxn,Orchestra Italiana,26,,
1JbemQ1fPt2YmSLjAFhPBv,Chayanne,71,latin pop,puerto rican pop
3Y3xIwWyq5wnNHPp5gPjOW,Kenny Loggins,67,album rock,mellow gold
2gBjLmx6zQnFGQJCAQpRgw,Nelly,74,dance pop,hip hop
5cIc3SBFuBLVxJz58W2tU9,Oh Wonder,67,electropop,
4J69yWrKwWJgjv3DKTZcGo,Big Brother & The Holding Company,54,blues rock,classic rock
0vbEs3DgphJ2RGZqh4qFLT,Anita Kerr Singers,29,easy listening,
6baWjwY7WiVPCZcW7pqqhz,Mapei,48,swedish soul,
3jNkaOXasoc7RsxdchvEVq,Chase & Status,60,dancefloor dnb,drum and bass
1OpHMC7Qo3lY1sVYaTUQrG,Axel Thesleff,46,bass trap,finnish edm
4salDzkGmfycRqNUbyBphh,Styx,61,album rock,art rock
7qUnx2B8Lf6QROKUCKLsOQ,Bones,20,,
4BxCuXFJrSWGi1KHcVqaU4,Kodaline,69,irish pop,pop
1QL7yTHrdahRMpvNtn6rI2,George Frideric Handel,66,baroque,classical
0MmnmsAuQKRFpo6vJElcaU,Amber Run,59,indie folk,
2L3kwZFd16zjHz9a5kEPAm,Ane Brun,56,melancholia,norwegian singer-songwriter
2hy115qI1RfVvSeSvKfZj3,Lia Ices,27,,
5ayLGTByEwYu0fpL8l224B,Top 40,14,,
1UTPBmNbXNTittyMJrNkvw,Blake Shelton,72,contemporary country,country
0SlUJSAIrK14E9Ebf53jbM,Jelle Slump,15,dutch edm,future house
79Xp2rRN7wdsaTJgttdX3K,Cody Simpson,55,australian pop,dance pop
49tQo2QULno7gxHutgccqF,LANY,75,la pop,pop
3nUbzTTtP2w4HqvT5y5vkV,The Griswolds,46,indie poptimism,modern rock
1ThoqLcyIYvZn7iWbj8fsj,Bill Withers,71,funk,quiet storm
5BcAKTbp20cv7tC5VqPFoC,Macklemore & Ryan Lewis,73,dance pop,pop
77tT1kLj6mCWtFNqiOmP9H,Daryl Hall & John Oates,72,album rock,classic rock
1KP6TWI40m7p3QBTU6u2xo,BØRNS,66,modern rock,pop
2ysnwxxNtSgbb9t1m2Ur4j,George Ezra,73,folk-pop,neo-singer-songwriter
15FyiY3ChN0QRspHIQYq0W,Dion,56,adult standards,brill building pop
36jaGQtMj5UWD0eO1fCVdD,Joel Adams,54,australian pop,pop soul
35fFUv2850L9CQjjNrLBpb,Nahko And Medicine For The People,47,modern folk rock,
7ibAWtDtmEfaVhc1FJ3Vl9,Eric Bellinger,62,pop r&b,pop rap
4owzTW66Uiklmg0MDvOX30,Brandon Brown,8,,
6piIAIurGAryW5h1rqQC16,Passion,59,ccm,christian alternative rock
2qxJFvFYMEDqd7ui6kSAcq,Zedd,74,complextro,dance pop
64rxQRJsLgZwHHyWKB8fiF,Eiffel 65,61,bubblegum dance,eurodance
5vngPClqofybhPERIqQMYd,George Strait,72,contemporary country,country
4TMHGUX5WI7OOm53PqSDAT,Grateful Dead,65,classic rock,cosmic american
6zFYqv1mOsgBRQbae3JJ9e,Billy Joel,75,classic rock,mellow gold
7kFfY4UjNdNyaeUgLIEbIF,DeJ Loaf,62,detroit hip hop,pop r&b
3IunaFjvNKj98JW89JYv9u,The Japanese House,56,electropop,indie pop
5J7URjIP8aFmeSn2QwF9Au,TYuS,39,pop r&b,trap soul
3ICflSq6ZgYAIrm2CTkfVP,The Animals,63,album rock,blues rock
40Yq4vzPs9VNUrIBG5Jr2i,The Smashing Pumpkins,72,alternative metal,alternative rock
0x9FXWb1oVJz7FlC1UA8Z3,Family Portrait,6,popgaze,
14ZxDAK6ITtZZqPdiWrvSn,Everlast,57,rap rock,
55Aa2cqylxrFIXC767Z865,Lil Wayne,84,hip hop,new orleans rap
7pcwfhcdyYJqkCV098EgYl,Daydreamer,25,,
1WrqUPWlHN5FXCRcQgrkas,Lucius,57,indie folk,indie pop
5SXEylV07TC57eanSxxg4R,Stick Figure,64,reggae fusion,
1ackd5XprZEkH3McKbQD51,Juan Magán,67,electro latino,latin pop
32vh2QQNm1zEgZHFREPiUk,Parachute Band,31,ambient worship,nz christian
13y7CgLHjMVRMDqxdx0Xdo,Gucci Mane,76,atl hip hop,dirty south rap
43sZBwHjahUvgbx1WNIkIz,Creed,66,alternative metal,nu metal
6TcnmlCSxihzWOQJ8k0rNS,Third Eye Blind,62,alternative rock,neo mellow
23LbwefIODbyGdRbAz3urj,Yung Joc,61,atl hip hop,crunk
2dirBSR0Vkb5zxWKpCRdeH,Jimkata,33,jam band,
26AHtbjWKiwYzsoGoUZq53,Pentatonix,76,a cappella,
3NPpFNZtSTHheNBaWC82rB,X Ambassadors,70,modern alternative rock,modern rock
25oLRSUjJk4YHNUsQXk7Ut,GRiZ,59,edm,electropop
0Vw76uk7P8yVtTClWyOhac,HONNE,65,pop,uk pop
3Sz7ZnJQBIHsXLUSo0OQtM,Mac DeMarco,76,edmonton indie,lo-fi indie
4C50EbCS11M0VbGyH3OfLt,Bahamas,61,canadian indie,indie folk
2hWs22BmQkK4czFtDLnar2,Rob $tone,59,san diego rap,
7tHd518aPjJYUgyv9bidBz,Judy Kuhn,52,hollywood,movie tunes
21WS9wngs9AqFckK7yYJPM,PnB Rock,70,melodic rap,pop
7zMVPOJPs5jgU8NorRxqJe,Michael Learns To Rock,62,boy band,danish pop rock
73jBynjsVtofjRpdpRAJGk,Dimitri Vegas & Like Mike,69,belgian dance,belgian edm
4V8Sr092TqfHkfAA5fXXqG,Luis Fonsi,74,latin pop,puerto rican pop
1n65zfwYIj5kKEtNgxUlWb,Siouxsie and the Banshees,58,alternative rock,art rock
7qT1EPkli4RDJ2KNynkQyQ,Stan Bush,39,melodic hard rock,
5UdPkKWd8YNR5xGcmqH9QJ,Jason Weaver,59,movie tunes,
4qBgvVog0wzW75IQ48mU7v,KYLE,64,pop,pop rap
2DlGxzQSjYe5N6G9nkYghR,Jennifer Lopez,75,dance pop,pop
4Eqd24yS5YcxI8b6Xfuwr8,Eve 6,53,alternative metal,alternative rock
6qF0CJP412Gd50Rn1sFg2o,The Cascades,46,adult standards,brill building pop
2M45qKMZX16QUyOiKyluI0,Glasser,27,art pop,chillwave
3jK9MiCrA42lLAdMGUZpwa,Anderson .Paak,78,escape room,
5krkohEVJYw0qoB5VWwxaC,The Black Crowes,60,album rock,blues rock
19Fi1Rj7kk8kyiwxpXy3yM,August Alsina,61,pop r&b,pop rap
6y5amJcTjeDgLXIjtQLMst,SAYGRACE,56,dance pop,pop
5sU2ovyukWzzvQw3Jo1SI9,Strange Fruit Project,27,alternative hip hop,jazz rap
3wRA5UYoo08BBKJnzyKkpF,f(x),52,k-pop,k-pop girl group
1TqQi97nqeiuOJrIFv5Sw0,Semisonic,56,alternative rock,neo mellow
5JMLG56F1X5mFmWNmS0iAp,Chelsea Cutler,69,alt z,electropop
2hl0xAkS2AIRAu23TVMBG1,Kansas,65,album rock,art rock
6fOMl44jA4Sp5b9PpYCkzz,NF,79,hip hop,pop rap
1FvjvACFvko2Z91IvDljrx,Mick Jenkins,59,chicago rap,conscious hip hop
21E3waRsmPlU7jZsS13rcj,Ne-Yo,77,dance pop,pop
0CbeG1224FS58EUx4tPevZ,Timmy Trumpet,72,australian dance,big room
6DPYiyq5kWVQS4RGwxzPC7,Dr. Dre,79,g funk,gangster rap
2ndyVAdV9UqF1XjyTJt484,Fred Hammond,51,gospel,
2tmWjaROlvLpahIZcvPLwi,Jez Dior,44,indie pop rap,pop rap
7KMqksf0UMdyA0UCf4R3ux,James Blunt,69,neo mellow,pop
0g9vAlRPK9Gt3FKCekk4TW,Ab-Soul,58,alternative hip hop,conscious hip hop
6B5c4sch27tWHAGdarpPaW,Seether,68,alternative metal,modern rock
0DxeaLnv6SyYk2DOqkLO8c,MAGIC!,65,reggae fusion,
4AcHt3JxKy59IX7JNNlZn4,Fitz and The Tantrums,65,la indie,modern alternative rock
4ddAXFlr6Bn04LpiyCReP9,The Kid Plot,31,,
0RkCYrO4cNyWVkWeRBFco7,Rainer Kussmaul,34,,
4YLtscXsxbVgi031ovDDdh,Chris Stapleton,76,contemporary country,outlaw country
1Y8cdNmUJH7yBTd9yOvr5i,Destiny's Child,70,dance pop,girl group
7iWiAD5LLKyiox2grgfmUT,Bullet For My Valentine,66,alternative metal,melodic metalcore
1j4a3bBWYNjecFqxcjRtr5,Sierra Boggess as Ariel,36,broadway,show tunes
5MPOKeJJi86inlu2dvewah,Aanysa,30,,
0ky4LIRukBkNFLJ2uzpQ9Y,DJ Fire,18,jersey club,
2AcUPzkVWo81vumdzeLLRN,Rhye,61,downtempo,indie soul
6G9bygHlCyPgNGxK2l3YdE,Vanessa Hudgens,63,dance pop,pop
2gXmjQIxCO8lMnSncluZaU,Cory Asbury,60,ccm,christian music
24DO0PijjITGIEWsO8XaPs,Nora En Pure,61,deep house,edm
2x9SpqnPi8rlE9pjHBwmSC,Talking Heads,68,art punk,art rock
0u3d5PM2FuEuG5QuUdt8mT,Hands Like Houses,49,australian metalcore,australian post-hardcore
7qRll6DYV06u2VuRPAVqug,Foxes,60,dance pop,electropop
246dkjvS1zLTtiykXe5h60,Post Malone,87,dfw rap,melodic rap
4RddZ3iHvSpGV4dvATac9X,Papa Roach,70,alternative metal,nu metal
09JW90QIws2Z3H8hxL5fFN,Ancient Astronauts,45,electronica,ninja
2KsP6tYLJlTBvSUxnwlVWa,Mike Posner,69,dance pop,edm
1Sjs7s2hvAakgayaa0f34j,2AM Club,31,,
4LEiUm1SRbFMgfqnQTwUbQ,Bon Iver,75,eau claire indie,indie folk
4UXqAaa6dQYAk18Lv7PEgX,Fall Out Boy,77,emo,modern rock
5me0Irg2ANcsgc93uaYrpb,The Notorious B.I.G.,77,east coast hip hop,gangster rap
2iE18Oxc8YSumAU232n4rW,The Jackson 5,70,motown,soul
0dvKgSdNB2U1gfp6ZcekYi,Frankie Ballard,49,contemporary country,country
2aYJ5LAta2ScCdfLhKgZOY,Cobra Starship,57,dance pop,neon pop punk
6jZbQXvNtDjnj18yoHMuvi,Jeremy Riddle,51,anthem worship,ccm
5bDxAyJiTYBat1YnFJhvEK,Joe Walsh,55,album rock,blues rock
3vDUJHQtqT3jFRZ2ECXDTi,Lloyd Banks,63,gangster rap,hardcore hip hop
7CCjtD0hCK005Bvg2WG1a7,Carnage,56,edm,electro house
1EVWYRr2obCRDoSoD6KSuM,Havana Brown,47,australian dance,australian pop
6Ha4aES39QiVjR0L2lwuwq,Yo Gotti,66,dirty south rap,gangster rap
2Hbxyk7qJ22i8wFEqgM3vC,Charles Kelley,41,country pop,
27mFvqQj8KpjmdKIqcw1mG,Ayo & Teo,56,social media pop,trap
7FDlvgcodNfC0IBdWevl4u,James Vincent McMorrow,57,indie folk,irish singer-songwriter
2S9W9aSAd7e5mp8WqWxN2h,Hilary Duff,56,dance pop,pop
360IAlyVv4PCEVjgyMZrxK,Miguel,77,dance pop,hip hop
79hrYiudVcFyyxyJW0ipTy,The Paper Kites,67,australian indie folk,indie folk
1SupJlEpv7RS2tPNRaHViT,Nicky Jam,81,latin hip hop,reggaeton
4kubsO16bEfCADaVUyoYb6,Giraffage,47,chillwave,future bass
610EjgFatGvVPtib97jQ8G,NEEDTOBREATHE,62,ccm,christian alternative rock
3cR4rhS2hBWqI7rJEBacvN,Leslie Odom Jr.,69,broadway,hollywood
3q7HBObVc0L8jNeTe5Gofh,50 Cent,82,east coast hip hop,gangster rap
2UazAtjfzqBF0Nho2awK4z,Stone Temple Pilots,66,alternative metal,alternative rock
0yNy8fi1yBBq526E6mx4Zs,Orianthi,44,candy pop,
0HU0U9kdXEHZVxUNbuQe8S,Donny Hathaway,61,chicago soul,classic soul
3RHGiicVEm5Clr70D2O5dt,Adam Levy,7,,
2NdeV5rLm47xAvogXrYhJX,Ciara,68,dance pop,hip pop
3Caot8EtHX6wLpNF2wRzS0,Glen Hansard,53,irish rock,irish singer-songwriter
3fmMaLC5jjf2N4EC2kTx0u,Hermitude,53,australian dance,downtempo
6djNDzSg08mnh2Ayoh6Ovn,Larry Hernández,57,banda,corrido
7bu3H8JO7d0UbMoVzbo70s,The Cure,75,new wave,permanent wave
6olE6TJLqED3rqDCT0FyPh,Nirvana,80,grunge,permanent wave
7FHDreQGEb1Evz3TEj1sJe,LUNA,6,josei rap,
29kkCKKGXheHuoO829FxWK,Boston,64,album rock,classic rock
5PokPZn11xzZXyXSfnvIM3,Lifehouse,63,alternative metal,neo mellow
7bXgB6jMjp9ATFy66eO08Z,Chris Brown,87,dance pop,pop
5M0lbkGluOPXLeFjApw8r8,DRAM,61,pop rap,rap
3MM8mtgFzaEJsqbjZBSsHJ,Bloc Party,60,alternative dance,indie rock
3akUqAy3Q1WqRZqceC4jW9,London Festival Orchestra,47,british orchestra,
6RHDefZfOAyKIPCLnwOOq0,Youthful Praise,37,gospel,praise
60df5JBRRPcnSpsIMxxwQm,Otis Redding,69,classic soul,memphis soul
1nSpOxq3pcgomrfpXudQuq,Kirk Knight,50,underground hip hop,
0oBEeN6BCxEgMogzThqrPf,Big & Rich,56,contemporary country,country
2rYFy6vVM1YiECVIAHaJBY,Steve James,44,pop edm,
5pjCYG6hPLBO3y4swxu3dh,Tonight Alive,49,candy pop,neon pop punk
5cj0lLjcoR7YOSnhnX0Po5,Doja Cat,86,dance pop,pop
4gwpcMTbLWtBUlOijbVpuu,Capital Cities,65,metropopolis,modern rock
5FAAR1LqXQp0HbgVfQ8ZWE,Javier Rosas Y Su Artillería Pesada,61,corrido,musica mexicana
4tususHNaR68xdgLstlGBA,Of Mice & Men,59,melodic metalcore,metalcore
6AnrSlk5Gp1YMXgaI3mWCL,The Chieftains,47,celtic,irish folk
6ZLTlhejhndI4Rh53vYhrY,Ozzy Osbourne,71,album rock,birmingham metal
7BMccF0hQFBpP6417k1OtQ,Action Bronson,62,alternative hip hop,east coast hip hop
3AmgGrYHXqgbmZ2yKoIVzO,Warpaint,50,alternative dance,art pop
1LfnIuggAY5qQdS4sP1K86,Matthew Mole,48,south african alternative,south african pop
4xRYI6VqpkE3UwrDrAZL8L,Logic,76,conscious hip hop,dmv rap
7DMveApC7UnC2NPfPvlHSU,Cheat Codes,71,dance pop,edm
3KV3p5EY4AvKxOlhGHORLg,Jeremih,74,chicago rap,dance pop
0bz9hDpUbAw5JElgEiuIYZ,Matt Redman,58,ccm,christian alternative rock
3e7awlrlDSwF3iM0WBjGMp,Little Mix,76,dance pop,girl group
2o9hRZ3xI27UQpHT61A4Mm,Kojo Funds,52,afroswing,grime
5o8Wylae9k23IEJMIiwd8s,The Antlers,44,brooklyn indie,chamber pop
6z1cicLMt9XArxN10q7m8a,Travis Porter,56,atl hip hop,dirty south rap
1vSN1fsvrzpbttOYGsliDr,Tori Kelly,67,dance pop,pop
5pnbUBPifNnlusY8kTBivi,Jadakiss,64,battle rap,east coast hip hop
4FZ3j1oH43e7cukCALsCwf,Jack White,57,alternative rock,blues rock
19eLuQmk9aCobbVDHc6eek,Louis Armstrong,71,adult standards,dixieland
1giPduZUUFru23D2icr2A8,DJ Kay Slay,40,battle rap,
0YRwUbRxrawmnBdixwJi5W,Régulo Caro,59,banda,corrido
5MhLmv7GgyjbxGqiIGasvT,Jean-Michel Jarre,54,laboratorio,synthesizer
2XnBwblw31dfGnspMIwgWz,Axwell /\ Ingrosso,64,dance pop,edm
6V03b3Y36lolYP2orXn8mV,98º,56,boy band,dance pop
6d24kC5fxHFOSEAmjQPPhc,Periphery,52,djent,melodic metalcore
0TqIPD4IS1w4e30R38B3vj,Rupert Holmes,57,soft rock,yacht rock
3SRJWVa6lZnqRHOyAHmDrX,Jon B.,51,contemporary r&b,hip hop
5yxyJsFanEAuwSM5kOuZKc,London Symphony Orchestra,72,british orchestra,classical performance
3v4feUQnU3VEUqFrjmtekL,Faces,57,album rock,art rock
2EMAnMvWE2eb56ToJVfCWs,Bryson Tiller,79,kentucky hip hop,pop
2pqd3HsfsvcBGtHvPOg6eg,Highly Suspect,60,modern alternative rock,modern rock
3FUY2gzHeIiaesXtOAdB7A,Train,72,dance pop,neo mellow
4VMYDCV2IEDYJArk749S6m,Daddy Yankee,87,latin hip hop,reggaeton
25fqWEebq6PoiGQIHIrdtv,Baauer,52,bass trap,electro house
32r72WOqqRO1DtSznId7Lr,James Brown & The Famous Flames,56,funk,soul
0w7HLMvZOHatWVbAKee1zF,Redbone,58,native american,native american contemporary
12PSlydMSjEHzSCj9X5qv7,Baby Bash,61,chicano rap,dance pop
0P0do9GwiSgweSF6Ui3mrv,Nathan Lane,56,broadway,disney
1abeK6nTH1bQUmfhyfSpPh,EMBRZ,51,tropical house,vapor soul
16GcWuvvybAoaHr0NqT8Eh,Alabama Shakes,60,alabama indie,modern blues rock
4O15NlyKLIASxsJ0PrXPfz,Lil Uzi Vert,85,melodic rap,philly rap
3ceQN2NVlLg1hgTzljDE4n,Half Moon Run,54,canadian indie,indie folk
6nS5roXSAGhTGr34W6n7Et,Disclosure,72,edm,house
1wgY8huggK60P5nvYrwcYT,Asher Roth,48,alternative hip hop,indie pop rap
